#
# A fatal error has been detected by the Java Runtime Environment:
#
#  SIGILL (0x4) at pc=0x00007f476d16f19a, pid=29428, tid=29582
#
# JRE version: OpenJDK Runtime Environment Temurin-21.0.8+9 (21.0.8+9) (build 21.0.8+9-LTS)
# Java VM: OpenJDK 64-Bit Server VM Temurin-21.0.8+9 (21.0.8+9-LTS, mixed mode, sharing, tiered, compressed oops, compressed class ptrs, g1 gc, linux-amd64)
# Problematic frame:
# J 16049 c1 org.codehaus.groovy.vmplugin.v9.Java9$$Lambda+0x00007f47051232f8.apply(Ljava/lang/Object;)Ljava/lang/Object; (12 bytes) @ 0x00007f476d16f19a [0x00007f476d16f340+0xfffffffffffffe5a]
#
# Core dump will be written. Default location: Core dumps may be processed with "/usr/lib/systemd/systemd-coredump %P %u %g %s %t %c %h %d %F" (or dumping to /home/norbs/StudioProjects/SMS-BASED-FRAUD-DETECTION-/android/core.29428)
#
# If you would like to submit a bug report, please visit:
#   https://github.com/adoptium/adoptium-support/issues
#

---------------  S U M M A R Y ------------

Command Line: --add-opens=java.base/java.lang=ALL-UNNAMED --add-opens=java.base/java.lang.invoke=ALL-UNNAMED --add-opens=java.base/java.util=ALL-UNNAMED --add-opens=java.prefs/java.util.prefs=ALL-UNNAMED --add-exports=jdk.compiler/com.sun.tools.javac.api=ALL-UNNAMED --add-exports=jdk.compiler/com.sun.tools.javac.util=ALL-UNNAMED --add-opens=java.base/java.util=ALL-UNNAMED --add-opens=java.prefs/java.util.prefs=ALL-UNNAMED --add-opens=java.base/java.nio.charset=ALL-UNNAMED --add-opens=java.base/java.net=ALL-UNNAMED --add-opens=java.base/java.util.concurrent=ALL-UNNAMED --add-opens=java.base/java.util.concurrent.atomic=ALL-UNNAMED --add-opens=java.xml/javax.xml.namespace=ALL-UNNAMED --add-opens=java.base/java.time=ALL-UNNAMED -XX:MaxMetaspaceSize=4G -XX:ReservedCodeCacheSize=512m -XX:+HeapDumpOnOutOfMemoryError -Xmx8G -Dfile.encoding=UTF-8 -Duser.country=US -Duser.language=en -Duser.variant -javaagent:/home/norbs/.gradle/wrapper/dists/gradle-9.3.1-all/9ot9r568e8zfvvd4mn8rbu1j0/gradle-9.3.1/lib/agents/gradle-instrumentation-agent-9.3.1.jar org.gradle.launcher.daemon.bootstrap.GradleDaemon 9.3.1

Host: 11th Gen Intel(R) Core(TM) i7-1195G7 @ 2.90GHz, 8 cores, 15G, Fedora release 44 (Forty Four)
Time: Tue Sep 15 11:42:56 2026 EAT elapsed time: 168.516182 seconds (0d 0h 2m 48s)

---------------  T H R E A D  ---------------

Current thread (0x00007f462410cb50):  JavaThread "Unconstrained build operations Thread 32"        [_thread_in_Java, id=29582, stack(0x00007f46fd200000,0x00007f46fd300000) (1024K)]

Stack: [0x00007f46fd200000,0x00007f46fd300000],  sp=0x00007f46fd2f9d50,  free space=999k
Native frames: (J=compiled Java code, j=interpreted, Vv=VM code, C=native code)
J 16049 c1 org.codehaus.groovy.vmplugin.v9.Java9$$Lambda+0x00007f47051232f8.apply(Ljava/lang/Object;)Ljava/lang/Object; (12 bytes) @ 0x00007f476d16f19a [0x00007f476d16f340+0xfffffffffffffe5a]
j  com.android.tools.r8.dex.j0.a(Ljava/util/Collection;)Lcom/android/tools/r8/dex/i0;+320
j  com.android.tools.r8.dex.j0.a(Lcom/android/tools/r8/internal/ch4;II)Lcom/android/tools/r8/dex/d0;+725
j  com.android.tools.r8.dex.j.a(Lcom/android/tools/r8/dex/j0;Lcom/android/tools/r8/internal/ch4;)Lcom/android/tools/r8/dex/c0;+4
j  com.android.tools.r8.dex.j$$Lambda+0x00007f47057edf80.get()Ljava/lang/Object;+8
J 23915 c1 com.android.tools.r8.internal.dh4.a(Ljava/lang/String;Lcom/android/tools/r8/internal/yg4;)Ljava/lang/Object; (7 bytes) @ 0x00007f476d15a04c [0x00007f476d159f40+0x000000000000010c]
j  com.android.tools.r8.dex.j.a(Lcom/android/tools/r8/graph/xb;Lcom/android/tools/r8/ByteBufferProvider;Lcom/android/tools/r8/dex/z0;Lcom/android/tools/r8/internal/ch4;)Lcom/android/tools/r8/dex/c0;+54
j  com.android.tools.r8.dex.j.b(Lcom/android/tools/r8/internal/ch4;Ljava/util/List;Lcom/android/tools/r8/dex/z0;)V+225
j  com.android.tools.r8.dex.j.a(Lcom/android/tools/r8/internal/ch4;Ljava/util/List;Lcom/android/tools/r8/dex/z0;)Lcom/android/tools/r8/internal/ch4;+25
j  com.android.tools.r8.dex.j$$Lambda+0x00007f47057dd808.apply(Ljava/lang/Object;)Ljava/lang/Object;+16
j  com.android.tools.r8.internal.eg4.a(Lcom/android/tools/r8/internal/rg4;Ljava/lang/Object;I)Ljava/lang/Object;+2
j  com.android.tools.r8.internal.eg4$$Lambda+0x00007f470566ef58.a(Ljava/lang/Object;I)Ljava/lang/Object;+6
J 23132 c1 com.android.tools.r8.internal.eg4$$Lambda+0x00007f47055df678.call()Ljava/lang/Object; (16 bytes) @ 0x00007f476c8c5794 [0x00007f476c8c5640+0x0000000000000154]
J 22524 c1 com.google.common.util.concurrent.TrustedListenableFutureTask$TrustedFutureInterruptibleTask.runInterruptibly()Ljava/lang/Object; (10 bytes) @ 0x00007f476c02c9b4 [0x00007f476c02c940+0x0000000000000074]
J 22956 c1 com.google.common.util.concurrent.InterruptibleTask.run()V (190 bytes) @ 0x00007f476b8b305c [0x00007f476b8b2840+0x000000000000081c]
J 23031 c1 com.google.common.util.concurrent.AbstractListeningExecutorService.submit(Ljava/util/concurrent/Callable;)Ljava/util/concurrent/Future; (6 bytes) @ 0x00007f476c44664c [0x00007f476c4462c0+0x000000000000038c]
J 22984 c1 com.android.tools.r8.internal.hf4.a(Ljava/util/concurrent/Callable;)V (25 bytes) @ 0x00007f476ce2711c [0x00007f476ce26f80+0x000000000000019c]
J 23133 c1 com.android.tools.r8.internal.eg4$$Lambda+0x00007f47055deb70.a(ILjava/lang/Object;)V (14 bytes) @ 0x00007f476bd67ba4 [0x00007f476bd675c0+0x00000000000005e4]
J 23130 c1 com.android.tools.r8.internal.k21$$Lambda+0x00007f47055df208.accept(Ljava/lang/Object;)V (13 bytes) @ 0x00007f476c3d64bc [0x00007f476c3d62e0+0x00000000000001dc]
J 23158 c2 java.util.ArrayList.forEach(Ljava/util/function/Consumer;)V java.base@21.0.8 (74 bytes) @ 0x00007f477c0d5580 [0x00007f477c0d54a0+0x00000000000000e0]
j  com.android.tools.r8.internal.eg4$$Lambda+0x00007f470566f5b0.forEach(Ljava/util/function/Consumer;)V+5
j  com.android.tools.r8.internal.k21.a(Lcom/android/tools/r8/internal/vm1;)V+14
j  com.android.tools.r8.internal.eg4.a(Lcom/android/tools/r8/internal/k21;Lcom/android/tools/r8/internal/wg4;Ljava/util/function/Predicate;Lcom/android/tools/r8/threading/ThreadingModule;Ljava/util/concurrent/ExecutorService;)Ljava/util/ArrayList;+25
j  com.android.tools.r8.internal.eg4.a(Ljava/lang/Iterable;Lcom/android/tools/r8/internal/wg4;Lcom/android/tools/r8/threading/ThreadingModule;Ljava/util/concurrent/ExecutorService;)Ljava/util/ArrayList;+15
j  com.android.tools.r8.internal.eg4.a(Ljava/lang/Iterable;Lcom/android/tools/r8/internal/rg4;Lcom/android/tools/r8/threading/ThreadingModule;Ljava/util/concurrent/ExecutorService;)Ljava/util/ArrayList;+9
j  com.android.tools.r8.dex.j.a(Ljava/util/concurrent/ExecutorService;Ljava/util/List;Ljava/util/ArrayList;Lcom/android/tools/r8/internal/ch4;)V+36
j  com.android.tools.r8.dex.j.a(Lcom/android/tools/r8/utils/i;Ljava/util/concurrent/ExecutorService;)V+730
j  com.android.tools.r8.D8.a(Lcom/android/tools/r8/graph/z;Lcom/android/tools/r8/utils/i;Lcom/android/tools/r8/dex/m0;Ljava/util/concurrent/ExecutorService;)V+426
j  com.android.tools.r8.D8.d(Lcom/android/tools/r8/utils/i;Lcom/android/tools/r8/internal/eq1;Ljava/util/concurrent/ExecutorService;)V+833
j  com.android.tools.r8.D8.b(Lcom/android/tools/r8/utils/i;Lcom/android/tools/r8/internal/eq1;Ljava/util/concurrent/ExecutorService;)V+3
j  com.android.tools.r8.D8$$Lambda+0x00007f470553a848.run()V+12
j  com.android.tools.r8.internal.lw0.a(Lcom/android/tools/r8/internal/yp3;Lcom/android/tools/r8/internal/lw0$a;)V+2
j  com.android.tools.r8.internal.lw0.b(Lcom/android/tools/r8/internal/yp3;Lcom/android/tools/r8/internal/lw0$a;)V+2
j  com.android.tools.r8.D8.run(Lcom/android/tools/r8/D8Command;Ljava/util/concurrent/ExecutorService;)V+22
j  com.android.builder.dexing.D8DexArchiveBuilder.convert(Ljava/util/stream/Stream;Ljava/nio/file/Path;Ljava/nio/file/Path;Lcom/android/builder/dexing/DependencyGraphUpdater;)V+305
j  com.android.build.gradle.internal.dependency.BaseDexingTransform.process(Ljava/io/File;Lkotlin/jvm/functions/Function2;Ljava/util/List;Ljava/io/File;Ljava/io/File;ZLcom/android/build/gradle/internal/dependency/DesugarGraph;)V+795
j  com.android.build.gradle.internal.dependency.BaseDexingTransform.processNonIncrementally(Ljava/io/File;Ljava/util/List;Ljava/io/File;Ljava/io/File;ZLjava/io/File;)V+112
j  com.android.build.gradle.internal.dependency.BaseDexingTransform.transform(Lorg/gradle/api/artifacts/transform/TransformOutputs;)V+367
j  org.gradle.api.internal.artifacts.transform.DefaultTransform.transform(Lorg/gradle/api/provider/Provider;Ljava/io/File;Lorg/gradle/api/internal/artifacts/transform/TransformDependencies;Lorg/gradle/work/InputChanges;)Lorg/gradle/api/internal/artifacts/transform/TransformExecutionResult;+42
j  org.gradle.api.internal.artifacts.transform.AbstractTransformExecution$2.call(Lorg/gradle/internal/operations/BuildOperationContext;)Lorg/gradle/api/internal/artifacts/transform/TransformExecutionResult;+96
j  org.gradle.api.internal.artifacts.transform.AbstractTransformExecution$2.call(Lorg/gradle/internal/operations/BuildOperationContext;)Ljava/lang/Object;+2
J 13748 c1 org.gradle.internal.operations.DefaultBuildOperationRunner$CallableBuildOperationWorker.execute(Lorg/gradle/internal/operations/BuildOperation;Lorg/gradle/internal/operations/BuildOperationContext;)V (10 bytes) @ 0x00007f476ce0f714 [0x00007f476ce0f4c0+0x0000000000000254]
J 19308 c2 org.gradle.internal.operations.DefaultBuildOperationRunner.execute(Lorg/gradle/internal/operations/BuildOperationDescriptor$Builder;Lorg/gradle/internal/operations/DefaultBuildOperationRunner$BuildOperationExecution;)Ljava/lang/Object; (147 bytes) @ 0x00007f477c279144 [0x00007f477c2781c0+0x0000000000000f84]
J 19321 c2 org.gradle.internal.operations.DefaultBuildOperationRunner.execute(Lorg/gradle/internal/operations/BuildOperation;Lorg/gradle/internal/operations/BuildOperationWorker;)V (22 bytes) @ 0x00007f477c2becf0 [0x00007f477c2bec20+0x00000000000000d0]
J 10232 c1 org.gradle.internal.operations.DefaultBuildOperationRunner.call(Lorg/gradle/internal/operations/CallableBuildOperation;)Ljava/lang/Object; (20 bytes) @ 0x00007f476be2bd84 [0x00007f476be2bcc0+0x00000000000000c4]
j  org.gradle.api.internal.artifacts.transform.AbstractTransformExecution.executeWithinTransformerListener(Lorg/gradle/internal/execution/ExecutionContext;)Lorg/gradle/internal/execution/WorkOutput;+13
j  org.gradle.api.internal.artifacts.transform.AbstractTransformExecution.execute(Lorg/gradle/internal/execution/ExecutionContext;)Lorg/gradle/internal/execution/WorkOutput;+19
j  org.gradle.internal.execution.steps.ExecuteStep.executeInternal(Lorg/gradle/internal/execution/UnitOfWork;Lorg/gradle/internal/execution/steps/InputChangesContext;)Lorg/gradle/internal/execution/steps/Result;+16
j  org.gradle.internal.execution.steps.ExecuteStep.access$000(Lorg/gradle/internal/execution/UnitOfWork;Lorg/gradle/internal/execution/steps/InputChangesContext;)Lorg/gradle/internal/execution/steps/Result;+2
j  org.gradle.internal.execution.steps.ExecuteStep$1.call(Lorg/gradle/internal/operations/BuildOperationContext;)Lorg/gradle/internal/execution/steps/Result;+8
j  org.gradle.internal.execution.steps.ExecuteStep$1.call(Lorg/gradle/internal/operations/BuildOperationContext;)Ljava/lang/Object;+2
J 13748 c1 org.gradle.internal.operations.DefaultBuildOperationRunner$CallableBuildOperationWorker.execute(Lorg/gradle/internal/operations/BuildOperation;Lorg/gradle/internal/operations/BuildOperationContext;)V (10 bytes) @ 0x00007f476ce0f714 [0x00007f476ce0f4c0+0x0000000000000254]
J 19308 c2 org.gradle.internal.operations.DefaultBuildOperationRunner.execute(Lorg/gradle/internal/operations/BuildOperationDescriptor$Builder;Lorg/gradle/internal/operations/DefaultBuildOperationRunner$BuildOperationExecution;)Ljava/lang/Object; (147 bytes) @ 0x00007f477c279144 [0x00007f477c2781c0+0x0000000000000f84]
J 19321 c2 org.gradle.internal.operations.DefaultBuildOperationRunner.execute(Lorg/gradle/internal/operations/BuildOperation;Lorg/gradle/internal/operations/BuildOperationWorker;)V (22 bytes) @ 0x00007f477c2becf0 [0x00007f477c2bec20+0x00000000000000d0]
J 10232 c1 org.gradle.internal.operations.DefaultBuildOperationRunner.call(Lorg/gradle/internal/operations/CallableBuildOperation;)Ljava/lang/Object; (20 bytes) @ 0x00007f476be2bd84 [0x00007f476be2bcc0+0x00000000000000c4]
j  org.gradle.internal.execution.steps.ExecuteStep.execute(Lorg/gradle/internal/execution/UnitOfWork;Lorg/gradle/internal/execution/steps/ChangingOutputsContext;)Lorg/gradle/internal/execution/steps/Result;+28
j  org.gradle.internal.execution.steps.ExecuteStep.execute(Lorg/gradle/internal/execution/UnitOfWork;Lorg/gradle/internal/execution/steps/Context;)Lorg/gradle/internal/execution/steps/Result;+6
j  org.gradle.internal.execution.steps.CancelExecutionStep.execute(Lorg/gradle/internal/execution/UnitOfWork;Lorg/gradle/internal/execution/steps/Context;)Lorg/gradle/internal/execution/steps/Result;+35
j  org.gradle.internal.execution.steps.TimeoutStep.executeWithoutTimeout(Lorg/gradle/internal/execution/UnitOfWork;Lorg/gradle/internal/execution/steps/Context;)Lorg/gradle/internal/execution/steps/Result;+6
j  org.gradle.internal.execution.steps.TimeoutStep.execute(Lorg/gradle/internal/execution/UnitOfWork;Lorg/gradle/internal/execution/steps/Context;)Lorg/gradle/internal/execution/steps/Result;+92
j  org.gradle.internal.execution.steps.PreCreateOutputParentsStep.execute(Lorg/gradle/internal/execution/UnitOfWork;Lorg/gradle/internal/execution/steps/ChangingOutputsContext;)Lorg/gradle/internal/execution/steps/Result;+24
j  org.gradle.internal.execution.steps.PreCreateOutputParentsStep.execute(Lorg/gradle/internal/execution/UnitOfWork;Lorg/gradle/internal/execution/steps/Context;)Lorg/gradle/internal/execution/steps/Result;+6
j  org.gradle.internal.execution.steps.BroadcastChangingOutputsStep.execute(Lorg/gradle/internal/execution/UnitOfWork;Lorg/gradle/internal/execution/steps/InputChangesContext;)Lorg/gradle/internal/execution/steps/Result;+53
j  org.gradle.internal.execution.steps.BroadcastChangingOutputsStep.execute(Lorg/gradle/internal/execution/UnitOfWork;Lorg/gradle/internal/execution/steps/Context;)Lorg/gradle/internal/execution/steps/Result;+6
j  org.gradle.internal.execution.steps.CaptureOutputsAfterExecutionStep.execute(Lorg/gradle/internal/execution/UnitOfWork;Lorg/gradle/internal/execution/steps/WorkspaceContext;)Lorg/gradle/internal/execution/steps/AfterExecutionResult;+6
j  org.gradle.internal.execution.steps.CaptureOutputsAfterExecutionStep.execute(Lorg/gradle/internal/execution/UnitOfWork;Lorg/gradle/internal/execution/steps/Context;)Lorg/gradle/internal/execution/steps/Result;+6
j  org.gradle.internal.execution.steps.NoInputChangesStep.execute(Lorg/gradle/internal/execution/UnitOfWork;Lorg/gradle/internal/execution/steps/ValidationFinishedContext;)Lorg/gradle/internal/execution/steps/Result;+23
j  org.gradle.internal.execution.steps.NoInputChangesStep.execute(Lorg/gradle/internal/execution/UnitOfWork;Lorg/gradle/internal/execution/steps/Context;)Lorg/gradle/internal/execution/steps/Result;+6
j  org.gradle.internal.execution.steps.BuildCacheStep.executeWithoutCache(Lorg/gradle/internal/execution/UnitOfWork;Lorg/gradle/internal/execution/steps/WorkspaceContext;)Lorg/gradle/internal/execution/steps/AfterExecutionResult;+6
j  org.gradle.internal.execution.steps.BuildCacheStep.lambda$execute$1(Lorg/gradle/internal/execution/UnitOfWork;Lorg/gradle/internal/execution/steps/WorkspaceContext;Lorg/gradle/internal/execution/caching/CachingState$Disabled;)Lorg/gradle/internal/execution/steps/AfterExecutionResult;+3
j  org.gradle.internal.execution.steps.BuildCacheStep$$Lambda+0x00007f4704b30b10.apply(Ljava/lang/Object;)Ljava/lang/Object;+16
j  org.gradle.internal.Either$Right.fold(Ljava/util/function/Function;Ljava/util/function/Function;)Ljava/lang/Object;+5
j  org.gradle.internal.execution.caching.CachingState.fold(Ljava/util/function/Function;Ljava/util/function/Function;)Ljava/lang/Object;+6
j  org.gradle.internal.execution.steps.BuildCacheStep.execute(Lorg/gradle/internal/execution/UnitOfWork;Lorg/gradle/internal/execution/steps/WorkspaceContext;)Lorg/gradle/internal/execution/steps/AfterExecutionResult;+25
j  org.gradle.internal.execution.steps.BuildCacheStep.execute(Lorg/gradle/internal/execution/UnitOfWork;Lorg/gradle/internal/execution/steps/Context;)Lorg/gradle/internal/execution/steps/Result;+6
j  org.gradle.internal.execution.steps.NeverUpToDateStep.execute(Lorg/gradle/internal/execution/UnitOfWork;Lorg/gradle/internal/execution/steps/NonIncrementalCachingContext;)Lorg/gradle/internal/execution/steps/UpToDateResult;+6
j  org.gradle.internal.execution.steps.NeverUpToDateStep.execute(Lorg/gradle/internal/execution/UnitOfWork;Lorg/gradle/internal/execution/steps/Context;)Lorg/gradle/internal/execution/steps/Result;+6
j  org.gradle.internal.execution.steps.legacy.MarkSnapshottingInputsFinishedStep.execute(Lorg/gradle/internal/execution/UnitOfWork;Lorg/gradle/internal/execution/steps/CachingContext;)Lorg/gradle/internal/execution/steps/Result;+18
j  org.gradle.internal.execution.steps.legacy.MarkSnapshottingInputsFinishedStep.execute(Lorg/gradle/internal/execution/UnitOfWork;Lorg/gradle/internal/execution/steps/Context;)Lorg/gradle/internal/execution/steps/Result;+6
j  org.gradle.internal.execution.steps.ResolveNonIncrementalCachingStateStep.executeDelegate(Lorg/gradle/internal/execution/UnitOfWork;Lorg/gradle/internal/execution/steps/ValidationFinishedContext;Lorg/gradle/internal/execution/caching/CachingState;)Lorg/gradle/internal/execution/steps/UpToDateResult;+14
j  org.gradle.internal.execution.steps.AbstractResolveCachingStateStep.execute(Lorg/gradle/internal/execution/UnitOfWork;Lorg/gradle/internal/execution/steps/ValidationFinishedContext;)Lorg/gradle/internal/execution/steps/CachingResult;+51
j  org.gradle.internal.execution.steps.AbstractResolveCachingStateStep.execute(Lorg/gradle/internal/execution/UnitOfWork;Lorg/gradle/internal/execution/steps/Context;)Lorg/gradle/internal/execution/steps/Result;+6
j  org.gradle.internal.execution.steps.ValidateStep.execute(Lorg/gradle/internal/execution/UnitOfWork;Lorg/gradle/internal/execution/steps/BeforeExecutionContext;)Lorg/gradle/internal/execution/steps/Result;+67
j  org.gradle.internal.execution.steps.ValidateStep.execute(Lorg/gradle/internal/execution/UnitOfWork;Lorg/gradle/internal/execution/steps/Context;)Lorg/gradle/internal/execution/steps/Result;+6
j  org.gradle.internal.execution.steps.AbstractCaptureStateBeforeExecutionStep.execute(Lorg/gradle/internal/execution/UnitOfWork;Lorg/gradle/internal/execution/steps/PreviousExecutionContext;)Lorg/gradle/internal/execution/steps/CachingResult;+49
j  org.gradle.internal.execution.steps.AbstractCaptureStateBeforeExecutionStep.execute(Lorg/gradle/internal/execution/UnitOfWork;Lorg/gradle/internal/execution/steps/Context;)Lorg/gradle/internal/execution/steps/Result;+6
j  org.gradle.internal.execution.steps.legacy.MarkSnapshottingInputsStartedStep.execute(Lorg/gradle/internal/execution/UnitOfWork;Lorg/gradle/internal/execution/steps/Context;)Lorg/gradle/internal/execution/steps/Result;+12
j  org.gradle.internal.execution.steps.AssignImmutableWorkspaceStep.executeInWorkspace(Lorg/gradle/internal/execution/UnitOfWork;Lorg/gradle/internal/execution/steps/IdentityContext;Ljava/io/File;)Lorg/gradle/internal/execution/steps/WorkspaceResult;+48
j  org.gradle.internal.execution.steps.AssignImmutableWorkspaceStep.lambda$executeInTemporaryWorkspace$4(Lorg/gradle/internal/execution/UnitOfWork;Lorg/gradle/internal/execution/steps/IdentityContext;Lorg/gradle/internal/execution/workspace/ImmutableWorkspaceProvider$AtomicMoveImmutableWorkspace;Ljava/io/File;)Lorg/gradle/internal/execution/steps/WorkspaceResult;+5
j  org.gradle.internal.execution.steps.AssignImmutableWorkspaceStep$$Lambda+0x00007f470535ba48.executeInTemporaryWorkspace(Ljava/io/File;)Ljava/lang/Object;+17
j  org.gradle.internal.execution.workspace.impl.CacheBasedImmutableWorkspaceProvider$1.withTemporaryWorkspace(Lorg/gradle/internal/execution/workspace/ImmutableWorkspaceProvider$AtomicMoveImmutableWorkspace$TemporaryWorkspaceAction;)Ljava/lang/Object;+47
j  org.gradle.internal.execution.steps.AssignImmutableWorkspaceStep.executeInTemporaryWorkspace(Lorg/gradle/internal/execution/UnitOfWork;Lorg/gradle/internal/execution/steps/IdentityContext;Lorg/gradle/internal/execution/workspace/ImmutableWorkspaceProvider$AtomicMoveImmutableWorkspace;)Lorg/gradle/internal/execution/steps/WorkspaceResult;+10
j  org.gradle.internal.execution.steps.AssignImmutableWorkspaceStep.lambda$execute$2(Lorg/gradle/internal/execution/UnitOfWork;Lorg/gradle/internal/execution/steps/IdentityContext;Lorg/gradle/internal/execution/workspace/ImmutableWorkspaceProvider$AtomicMoveImmutableWorkspace;)Lorg/gradle/internal/execution/steps/WorkspaceResult;+4
j  org.gradle.internal.execution.steps.AssignImmutableWorkspaceStep$$Lambda+0x00007f47045e2718.get()Ljava/lang/Object;+16
J 10410 c1 org.gradle.internal.execution.steps.AssignImmutableWorkspaceStep.execute(Lorg/gradle/internal/execution/UnitOfWork;Lorg/gradle/internal/execution/steps/IdentityContext;)Lorg/gradle/internal/execution/steps/WorkspaceResult; (96 bytes) @ 0x00007f476c8adc9c [0x00007f476c8ad260+0x0000000000000a3c]
J 10412 c1 org.gradle.internal.execution.steps.AssignImmutableWorkspaceStep.execute(Lorg/gradle/internal/execution/UnitOfWork;Lorg/gradle/internal/execution/steps/Context;)Lorg/gradle/internal/execution/steps/Result; (10 bytes) @ 0x00007f476bc360a4 [0x00007f476bc35f40+0x0000000000000164]
J 10303 c1 org.gradle.internal.execution.steps.ChoosePipelineStep.execute(Lorg/gradle/internal/execution/UnitOfWork;Lorg/gradle/internal/execution/steps/IdentityContext;)Lorg/gradle/internal/execution/steps/Result; (71 bytes) @ 0x00007f476bd69b14 [0x00007f476bd69420+0x00000000000006f4]
J 10300 c1 org.gradle.internal.execution.steps.ChoosePipelineStep.execute(Lorg/gradle/internal/execution/UnitOfWork;Lorg/gradle/internal/execution/steps/Context;)Lorg/gradle/internal/execution/steps/Result; (10 bytes) @ 0x00007f476bfce1a4 [0x00007f476bfce040+0x0000000000000164]
J 15493 c1 org.gradle.internal.execution.steps.ExecuteWorkBuildOperationFiringStep.lambda$execute$0(Lorg/gradle/internal/execution/UnitOfWork;Lorg/gradle/internal/execution/steps/IdentityContext;Lorg/gradle/internal/operations/BuildOperationContext;)Lorg/gradle/internal/execution/steps/CachingResult; (78 bytes) @ 0x00007f476d05fafc [0x00007f476d05f9e0+0x000000000000011c]
J 15492 c1 org.gradle.internal.execution.steps.ExecuteWorkBuildOperationFiringStep$$Lambda+0x00007f47047ab670.apply(Ljava/lang/Object;)Ljava/lang/Object; (20 bytes) @ 0x00007f476d05f56c [0x00007f476d05f3c0+0x00000000000001ac]
...<more frames>...

siginfo: si_signo: 4 (SIGILL), si_code: 2 (ILL_ILLOPN), si_addr: 0x00007f476d16f19a

Registers:
RAX=0x00007f45fcfc19f8, RBX=0x00007f45fd04a090, RCX=0x00007f45fcff2ec2, RDX=0x00007f47054c0fe8
RSP=0x00007f46fd2f9d50, RBP=0x00007f46fd2f9df0, RSI=0x00000006108fae88, RDI=0x000000062d766df8
R8 =0x00000000c510f33e, R9 =0x000000000000001f, R10=0x00007f4703000000, R11=0x00007f476cd6f040
R12=0x0000000000000000, R13=0x00007f46fd2f9d90, R14=0x00007f46fd2f9e80, R15=0x00007f462410cb50
RIP=0x00007f476d16f19a, EFLAGS=0x0000000000010293, CSGSFS=0x002b000000000033, ERR=0x0000000000000000
  TRAPNO=0x0000000000000006

XMM[0]=0x0000000000000000 0x0000000000000000
XMM[1]=0xc55f02c4c55f0045 0xc55f0075c55f00a5
XMM[2]=0x0000000000000000 0x007d006f007f0077
XMM[3]=0x0000000000000000 0x73416e6f6d6d6f63
XMM[4]=0x0000000000000000 0x00007f462410cb50
XMM[5]=0x0000000000000000 0x0000000628800000
XMM[6]=0x0000000000000000 0x00000006289ffdc0
XMM[7]=0x0000000000000000 0x00007f462410cb50
XMM[8]=0x0000000000000000 0x24b9ec700e7cd8d1
XMM[9]=0x0000000000000000 0x0a8955dd52c43a3a
XMM[10]=0x0000000000000000 0x00000000483ae45d
XMM[11]=0x0000000000000000 0xe5c3f1a038882bda
XMM[12]=0x0000000000000000 0x0000000052c43a3a
XMM[13]=0x0000000000000000 0x000000001a357554
XMM[14]=0x0000000000000000 0xdc0fbcb627acbdba
XMM[15]=0x0000000000000000 0x000000004b9d0104
  MXCSR=0x00001fa7


Register to memory mapping:

RAX=0x00007f45fcfc19f8 is pointing into metadata
RBX=0x00007f45fd04a090 is pointing into metadata
RCX=0x00007f45fcff2ec2 is pointing into metadata
RDX=0x00007f47054c0fe8 is a pointer to class: 
com.android.tools.r8.internal.tk3 {0x00007f47054c0fe8}
 - instance size:     9
 - klass size:        182
 - access:            public final synchronized 
 - flags:             rewritten has_nonstatic_fields should_verify_class has_nonstatic_concrete_methods has_miranda_methods has_final_method has_resolved_methods 
 - state:             fully_initialized
 - name:              'com/android/tools/r8/internal/tk3'
 - super:             'com/android/tools/r8/internal/u3'
 - sub:               
 - arrays:            null
 - methods:           Array<T>(0x00007f460bcac938)
 - method ordering:   Array<T>(0x00007f4703b38e80)
 - default_methods:   Array<T>(0x00007f460bcae5e0)
 - default vtable indices:   Array<T>(0x00007f460bcae698)
 - local interfaces:  Array<T>(0x00007f460bc9e8f0)
 - trans. interfaces: Array<T>(0x00007f460bcae508)
 - secondary supers: Array<T>(0x00007f460bcae5a8)
 - hash_slot:         57
 - bitmap:            0x0200002110040001
 - constants:         constant pool [208] {0x00007f460bcac1c0} for 'com/android/tools/r8/internal/tk3' cache=0x00007f45fcfc6600
 - class loader data:  loader data: 0x00007f46987fad80 for instance a 'org/gradle/internal/classloader/VisitableURLClassLoader$InstrumentingVisitableURLClassLoader'{0x00000007ff576230}
 - source file:       'R8_9.1.31_ffb8f76e0cfe19f6a6aff10b55ad38bc82c7544bc91f5b7fd86bc80f9b2412e7'
 - inner classes:     Array<T>(0x00007f470361bc08)
 - nest members:     Array<T>(0x00007f470361bc08)
 - permitted subclasses:     Array<T>(0x00007f470361bc08)
 - java mirror:       a 'java/lang/Class'{0x000000060d9c30d8} = 'com/android/tools/r8/internal/tk3'
 - vtable length      41  (start addr: 0x00007f47054c11b8)
 - itable length      82 (start addr: 0x00007f47054c1300)
 - ---- static fields (0 words):
 - ---- non-static fields (14 words):
 - public 'b' 'I' @12 
 - public transient 'e' 'I' @16 
 - public transient 'g' 'I' @20 
 - public transient 'h' 'I' @24 
 - public transient 'j' 'I' @28 
 - public transient 'k' 'I' @32 
 - public 'l' 'I' @36 
 - public transient 'f' 'Z' @40 
 - public transient 'c' '[Ljava/lang/Object;' @44 
 - public transient 'd' '[I' @48 
 - public transient 'i' '[J' @52 
 - public transient 'm' 'Lcom/android/tools/r8/internal/qk3;' @56 
 - public transient 'n' 'Lcom/android/tools/r8/internal/ok3;' @60 
 - public transient 'o' 'Lcom/android/tools/r8/internal/lk3;' @64 
 - non-static oop maps: 44-64 
RSP=0x00007f46fd2f9d50 is pointing into the stack for thread: 0x00007f462410cb50
RBP=0x00007f46fd2f9df0 is pointing into the stack for thread: 0x00007f462410cb50
RSI=0x00000006108fae88 is an oop: com.android.tools.r8.graph.i6 
{0x00000006108fae88} - klass: 'com/android/tools/r8/graph/i6'
 - ---- fields (total size 3 words):
 - public volatile 'b' 'I' @12  -555138991 (0xdee94051)
 - public final 'f' 'Lcom/android/tools/r8/graph/h6;' @16  a 'com/android/tools/r8/graph/h6'{0x00000006108faea0} (0xc211f5d4)
 - public 'g' 'Ljava/lang/String;' @20  null (0x00000000)
RDI=0x000000062d766df8 is an oop: com.android.tools.r8.internal.tk3 
{0x000000062d766df8} - klass: 'com/android/tools/r8/internal/tk3'
 - ---- fields (total size 9 words):
 - public 'b' 'I' @12  -1 (0xffffffff)
 - public transient 'e' 'I' @16  511 (0x000001ff)
 - public transient 'g' 'I' @20  36 (0x00000024)
 - public transient 'h' 'I' @24  3 (0x00000003)
 - public transient 'j' 'I' @28  512 (0x00000200)
 - public transient 'k' 'I' @32  384 (0x00000180)
 - public 'l' 'I' @36  297 (0x00000129)
 - public transient 'f' 'Z' @40  false (0x00)
 - public transient 'c' '[Ljava/lang/Object;' @44  a 'java/lang/Object'[513] {0x000000062d766e40} (0xc5aecdc8)
 - public transient 'd' '[I' @48  [I{0x000000062d767658} (0xc5aececb)
 - public transient 'i' '[J' @52  [J{0x000000062d767e70} (0xc5aecfce)
 - public transient 'm' 'Lcom/android/tools/r8/internal/qk3;' @56  null (0x00000000)
 - public transient 'n' 'Lcom/android/tools/r8/internal/ok3;' @60  a 'com/android/tools/r8/internal/ok3'{0x000000062af743c0} (0xc55ee878)
 - public transient 'o' 'Lcom/android/tools/r8/internal/lk3;' @64  null (0x00000000)
R8 =3306222398 is a compressed pointer to object: java.util.HashMap 
{0x00000006288799f0} - klass: 'java/util/HashMap'
 - ---- fields (total size 6 words):
 - transient 'keySet' 'Ljava/util/Set;' @12  null (0x00000000)
 - transient 'values' 'Ljava/util/Collection;' @16  null (0x00000000)
 - transient 'size' 'I' @20  0 (0x00000000)
 - transient 'modCount' 'I' @24  0 (0x00000000)
 - 'threshold' 'I' @28  0 (0x00000000)
 - final 'loadFactor' 'F' @32  0.750000 (0x3f400000)
 - transient 'table' '[Ljava/util/HashMap$Node;' @36  null (0x00000000)
 - transient 'entrySet' 'Ljava/util/Set;' @40  null (0x00000000)
R9 =0x000000000000001f is an unknown value
R10=0x00007f4703000000 is pointing into metadata
R11=0x00007f476cd6f040 is at entry_point+0 in (nmethod*)0x00007f476cd6ee90
Compiled method (c1) 168623 26745       3       com.android.tools.r8.graph.xb::a (36 bytes)
 total in heap  [0x00007f476cd6ee90,0x00007f476cd6f2b0] = 1056
 relocation     [0x00007f476cd6efe8,0x00007f476cd6f028] = 64
 main code      [0x00007f476cd6f040,0x00007f476cd6f1d0] = 400
 stub code      [0x00007f476cd6f1d0,0x00007f476cd6f210] = 64
 oops           [0x00007f476cd6f210,0x00007f476cd6f218] = 8
 metadata       [0x00007f476cd6f218,0x00007f476cd6f220] = 8
 scopes data    [0x00007f476cd6f220,0x00007f476cd6f248] = 40
 scopes pcs     [0x00007f476cd6f248,0x00007f476cd6f298] = 80
 dependencies   [0x00007f476cd6f298,0x00007f476cd6f2a0] = 8
 nul chk table  [0x00007f476cd6f2a0,0x00007f476cd6f2b0] = 16
R12=0x0 is null
R13=0x00007f46fd2f9d90 is pointing into the stack for thread: 0x00007f462410cb50
R14=0x00007f46fd2f9e80 is pointing into the stack for thread: 0x00007f462410cb50
R15=0x00007f462410cb50 is a thread

Top of Stack: (sp=0x00007f46fd2f9d50)
0x00007f46fd2f9d50:   00007f45fd043309 0000000000000002
0x00007f46fd2f9d60:   00007f45fd043440 0000000000000000
0x00007f46fd2f9d70:   00007f46fd2f9df0 00007f477b53f2f2
0x00007f46fd2f9d80:   00007f46fd2f9df0 00007f477b53f2a8
0x00007f46fd2f9d90:   000000062d766df8 00000006108fae88
0x00007f46fd2f9da0:   000000063d236c18 00007f46fd2f9da8
0x00007f46fd2f9db0:   00007f45fcfeba30 0000000000000012
0x00007f46fd2f9dc0:   00007f45fcff2ec8 0000000000000000
0x00007f46fd2f9dd0:   0000000624121bf8 00007f45fcfeba98
0x00007f46fd2f9de0:   00007f46fd2f9d90 00007f46fd2f9e78
0x00007f46fd2f9df0:   00007f46fd2f9ed8 00007f477b53f2f2
0x00007f46fd2f9e00:   000000062d739620 000000063d236c18
0x00007f46fd2f9e10:   0000000000000000 0000000000000001
0x00007f46fd2f9e20:   000000063d236c78 0000000000000000
0x00007f46fd2f9e30:   000000063d236c90 0000000000000000
0x00007f46fd2f9e40:   0000000000000002 000000063d236be8
0x00007f46fd2f9e50:   0000000610965678 00000006000000b2
0x00007f46fd2f9e60:   0000000600001438 0000000628879a20
0x00007f46fd2f9e70:   00000006288799e0 00000006288799c8
0x00007f46fd2f9e80:   000000062ae14f10 0000000000000001
0x00007f46fd2f9e90:   00007f46fd2f9e90 00007f45fcfebfad
0x00007f46fd2f9ea0:   0000000000000010 00007f45fcff2ec8
0x00007f46fd2f9eb0:   0000000000000000 0000000624121bf8
0x00007f46fd2f9ec0:   00007f45fcfecdc8 00007f46fd2f9e78
0x00007f46fd2f9ed0:   00007f46fd2f9f40 00007f46fd2f9fa8
0x00007f46fd2f9ee0:   00007f477b53f2f2 000000000000a59c
0x00007f46fd2f9ef0:   000000000000a59c 000000000000a59c
0x00007f46fd2f9f00:   000000000000983c 0000000000005fcc
0x00007f46fd2f9f10:   000000060000568c 0000000600000070
0x00007f46fd2f9f20:   000000062af74350 0000000000000001
0x00007f46fd2f9f30:   000000062af74468 000000062af74410
0x00007f46fd2f9f40:   0000000000000001 00000007ff35ae80 

Instructions: (pc=0x00007f476d16f19a)
0x00007f476d16f09a:   bf 83 16 12 9b 47 7f 00 00 48 83 e4 f0 e8 54 07
0x00007f476d16f0aa:   a9 2d f4 49 ba ad f0 16 6d 47 7f 00 00 41 52 e9
0x00007f476d16f0ba:   e2 f7 41 0e f4 f4 28 3d 73 00 06 00 00 00 30 ad
0x00007f476d16f0ca:   24 0a 46 7f 00 00 ff 03 01 01 01 01 01 02 06 02
0x00007f476d16f0da:   01 01 03 01 d3 04 01 93 01 02 01 0d 01 01 01 02
0x00007f476d16f0ea:   03 02 01 01 00 00 ff ff ff ff 00 00 00 00 00 00
0x00007f476d16f0fa:   00 00 00 00 00 00 bc 00 00 00 06 00 00 00 00 00
0x00007f476d16f10a:   00 00 00 00 00 00 f3 00 00 00 12 00 00 00 00 00
0x00007f476d16f11a:   00 00 00 00 00 00 01 01 00 00 18 00 00 00 00 00
0x00007f476d16f12a:   00 00 00 00 00 00 81 01 00 00 00 00 00 00 00 00
0x00007f476d16f13a:   00 00 00 00 00 00 00 00 00 00 00 00 00 00 00 00
0x00007f476d16f14a:   00 00 00 00 00 00 00 00 00 00 00 00 00 00 00 00
0x00007f476d16f15a:   00 00 00 00 00 00 00 00 00 00 00 00 00 00 00 00
0x00007f476d16f16a:   00 00 00 00 00 00 00 00 00 00 00 00 00 00 00 00
0x00007f476d16f17a:   00 00 00 00 00 00 08 00 00 00 00 00 00 00 01 00
0x00007f476d16f18a:   00 00 00 00 00 00 08 8a 4e 9b 47 7f 00 00 40 f3
0x00007f476d16f19a:   16 6d 47 7f 00 00 b8 f4 16 6d 47 7f 00 00 40 f3
0x00007f476d16f1aa:   16 6d 47 7f 00 00 40 f5 16 6d 47 7f 00 00 e8 f2
0x00007f476d16f1ba:   16 6d 47 7f 00 00 28 f3 16 6d 47 7f 00 00 10 fa
0x00007f476d16f1ca:   92 d0 46 7f 00 00 a1 a3 13 9b 47 7f 00 00 b0 03
0x00007f476d16f1da:   00 00 58 01 00 00 3b 00 00 00 28 03 00 00 06 00
0x00007f476d16f1ea:   00 00 00 01 01 00 00 00 00 00 00 00 00 00 00 00
0x00007f476d16f1fa:   00 00 00 00 00 00 08 b1 24 0a 46 7f 00 00 c8 f4
0x00007f476d16f20a:   16 6d 47 7f 00 00 a0 f4 16 6d 47 7f 00 00 00 00
0x00007f476d16f21a:   00 00 00 00 00 00 f8 f4 16 6d 47 7f 00 00 e8 f4
0x00007f476d16f22a:   16 6d 47 7f 00 00 e8 f4 16 6d 47 7f 00 00 e8 f4
0x00007f476d16f23a:   16 6d 47 7f 00 00 00 00 00 00 00 00 00 00 00 00
0x00007f476d16f24a:   00 00 00 00 00 00 0e 00 00 00 00 00 00 00 00 00
0x00007f476d16f25a:   00 00 00 00 00 00 00 00 00 00 00 00 00 00 40 f3
0x00007f476d16f26a:   16 6d 47 7f 00 00 60 f3 16 6d 47 7f 00 00 40 f3
0x00007f476d16f27a:   16 6d 47 7f 00 00 00 00 00 00 ff ff ff ff f7 02
0x00007f476d16f28a:   00 00 bf 02 00 00 b0 01 00 00 e8 02 00 00 28 03 


Stack slot to memory mapping:

stack at sp + 0 slots: 0x00007f45fd043309 is pointing into metadata
stack at sp + 1 slots: 0x0000000000000002 is an unknown value
stack at sp + 2 slots: 0x00007f45fd043440 is pointing into metadata
stack at sp + 3 slots: 0x0 is null
stack at sp + 4 slots: 0x00007f46fd2f9df0 is pointing into the stack for thread: 0x00007f462410cb50
stack at sp + 5 slots: 0x00007f477b53f2f2 is at code_begin+1554 in an Interpreter codelet
return entry points  [0x00007f477b53ece0, 0x00007f477b53f880]  2976 bytes
stack at sp + 6 slots: 0x00007f46fd2f9df0 is pointing into the stack for thread: 0x00007f462410cb50
stack at sp + 7 slots: 0x00007f477b53f2a8 is at code_begin+1480 in an Interpreter codelet
return entry points  [0x00007f477b53ece0, 0x00007f477b53f880]  2976 bytes


Compiled method (c1) 168741 16049       2       org.codehaus.groovy.vmplugin.v9.Java9$$Lambda/0x00007f47051232f8::apply (12 bytes)
 total in heap  [0x00007f476d16f190,0x00007f476d16f540] = 944
 relocation     [0x00007f476d16f2e8,0x00007f476d16f328] = 64
 main code      [0x00007f476d16f340,0x00007f476d16f478] = 312
 stub code      [0x00007f476d16f478,0x00007f476d16f4b8] = 64
 oops           [0x00007f476d16f4b8,0x00007f476d16f4c0] = 8
 metadata       [0x00007f476d16f4c0,0x00007f476d16f4c8] = 8
 scopes data    [0x00007f476d16f4c8,0x00007f476d16f4e8] = 32
 scopes pcs     [0x00007f476d16f4e8,0x00007f476d16f538] = 80
 dependencies   [0x00007f476d16f538,0x00007f476d16f540] = 8

[Constant Pool (empty)]

[MachCode]
[Entry Point]
  # {method} {0x00007f460a24b108} 'apply' '(Ljava/lang/Object;)Ljava/lang/Object;' in 'org/codehaus/groovy/vmplugin/v9/Java9$$Lambda+0x00007f47051232f8'
  # this:     rsi:rsi   = 'org/codehaus/groovy/vmplugin/v9/Java9$$Lambda+0x00007f47051232f8'
  # parm0:    rdx:rdx   = 'java/lang/Object'
  #           [sp+0x30]  (sp of caller)
  0x00007f476d16f340: 448b 5608 | 49bb 0000 | 0003 477f | 0000 4d03 | d34c 3bd0 

  0x00007f476d16f354: ;   {runtime_call ic_miss_stub}
  0x00007f476d16f354: 0f85 265f | 410e 660f | 1f44 0000 
[Verified Entry Point]
  0x00007f476d16f360: 8984 2400 | c0fe ff55 | 4883 ec20 | 4181 7f20 | 1200 0000 

  0x00007f476d16f374: ;   {runtime_call StubRoutines (final stubs)}
  0x00007f476d16f374: 7405 e8a5 | de3f 0e48 | bf28 b724 | 0a46 7f00 | 008b 5f08 | 83c3 0289 | 5f08 81e3 | fe0f 0000 
  0x00007f476d16f394: 85db 0f84 | 7300 0000 | 8b76 0c48 | c1e6 0348 | 85d2 0f84 | 4300 0000 

  0x00007f476d16f3ac: ;   {metadata('java/util/Map$Entry')}
  0x00007f476d16f3ac: 48b8 4815 | 0103 477f | 0000 8b5a | 0849 ba00 | 0000 0347 | 7f00 0049 | 03da 483b | 4320 0f84 
  0x00007f476d16f3cc: 1f00 0000 | 483b d80f | 8416 0000 

  0x00007f476d16f3d8: ;   {runtime_call slow_subtype_check Runtime1 stub}
  0x00007f476d16f3d8: 0053 50e8 | 204d 4e0e | 5b5b 85db | 0f84 4600 | 0000 e900 

  0x00007f476d16f3ec: ;   {static_call}
  0x00007f476d16f3ec: 0000 00e8 

  0x00007f476d16f3f0: ; ImmutableOopMap {}
                      ;*invokestatic lambda$doFindClasses$3 {reexecute=0 rethrow=0 return_oop=0}
                      ; - org.codehaus.groovy.vmplugin.v9.Java9$$Lambda/0x00007f47051232f8::apply@8
  0x00007f476d16f3f0: cc03 0000 

  0x00007f476d16f3f4: ;   {other}
  0x00007f476d16f3f4: 0f1f 8400 | 6402 0000 | 4883 c420 

  0x00007f476d16f400: ;   {poll_return}
  0x00007f476d16f400: 5d49 3ba7 | 4804 0000 | 0f87 2b00 

  0x00007f476d16f40c: ;   {metadata({method} {0x00007f460a24b108} 'apply' '(Ljava/lang/Object;)Ljava/lang/Object;' in 'org/codehaus/groovy/vmplugin/v9/Java9$$Lambda+0x00007f47051232f8')}
  0x00007f476d16f40c: 0000 c349 | ba08 b124 | 0a46 7f00 | 004c 8954 | 2408 48c7 | 0424 ffff 

  0x00007f476d16f424: ;   {runtime_call counter_overflow Runtime1 stub}
  0x00007f476d16f424: ffff e8d5 

  0x00007f476d16f428: ; ImmutableOopMap {rsi=Oop rdx=Oop }
                      ;*synchronization entry
                      ; - org.codehaus.groovy.vmplugin.v9.Java9$$Lambda/0x00007f47051232f8::apply@-1
  0x00007f476d16f428: 864e 0ee9 | 6cff ffff | 4889 1424 

  0x00007f476d16f434: ;   {runtime_call throw_class_cast_exception Runtime1 stub}
  0x00007f476d16f434: e8e7 464e 

  0x00007f476d16f438: ; ImmutableOopMap {rsi=Oop }
                      ;*checkcast {reexecute=0 rethrow=0 return_oop=0}
                      ; - org.codehaus.groovy.vmplugin.v9.Java9$$Lambda/0x00007f47051232f8::apply@5
                      ;   {internal_word}
  0x00007f476d16f438: 0e49 ba01 | f416 6d47 | 7f00 004d | 8997 6004 

  0x00007f476d16f448: ;   {runtime_call SafepointBlob}
  0x00007f476d16f448: 0000 e9b1 | df41 0e49 | 8b87 f804 | 0000 49c7 | 87f8 0400 | 0000 0000 | 0049 c787 | 0005 0000 
  0x00007f476d16f468: 0000 0000 | 4883 c420 

  0x00007f476d16f470: ;   {runtime_call unwind_exception Runtime1 stub}
  0x00007f476d16f470: 5de9 8a0f | 4e0e f4f4 
[Stub Code]
  0x00007f476d16f478: ;   {no_reloc}
  0x00007f476d16f478: 48bb a046 | c900 477f 

  0x00007f476d16f480: ;   {runtime_call I2C/C2I adapters}
  0x00007f476d16f480: 0000 e980 

  0x00007f476d16f484: ;   {runtime_call handle_exception_from_callee Runtime1 stub}
  0x00007f476d16f484: c341 0ee8 | 7440 4e0e 

  0x00007f476d16f48c: ;   {external_word}
  0x00007f476d16f48c: 48bf 8316 | 129b 477f | 0000 4883 

  0x00007f476d16f498: ;   {runtime_call MacroAssembler::debug64(char*, long, long*)}
  0x00007f476d16f498: e4f0 e861 | 03a9 2df4 
[Deopt Handler Code]
  0x00007f476d16f4a0: ;   {section_word}
  0x00007f476d16f4a0: 49ba a0f4 | 166d 477f | 0000 4152 

  0x00007f476d16f4ac: ;   {runtime_call DeoptimizationBlob}
  0x00007f476d16f4ac: e9ef f341 | 0ef4 f4f4 | f4f4 f4f4 
[/MachCode]


Compiled method (c1) 168931 23915       3       com.android.tools.r8.internal.dh4::a (7 bytes)
 total in heap  [0x00007f476d159d90,0x00007f476d15a1a8] = 1048
 relocation     [0x00007f476d159ee8,0x00007f476d159f28] = 64
 main code      [0x00007f476d159f40,0x00007f476d15a0d0] = 400
 stub code      [0x00007f476d15a0d0,0x00007f476d15a110] = 64
 oops           [0x00007f476d15a110,0x00007f476d15a118] = 8
 metadata       [0x00007f476d15a118,0x00007f476d15a120] = 8
 scopes data    [0x00007f476d15a120,0x00007f476d15a140] = 32
 scopes pcs     [0x00007f476d15a140,0x00007f476d15a190] = 80
 dependencies   [0x00007f476d15a190,0x00007f476d15a198] = 8
 nul chk table  [0x00007f476d15a198,0x00007f476d15a1a8] = 16

[Constant Pool (empty)]

[MachCode]
[Entry Point]
  # {method} {0x00007f460bffab70} 'a' '(Ljava/lang/String;Lcom/android/tools/r8/internal/yg4;)Ljava/lang/Object;' in 'com/android/tools/r8/internal/dh4'
  # this:     rsi:rsi   = 'com/android/tools/r8/internal/dh4'
  # parm0:    rdx:rdx   = 'java/lang/String'
  # parm1:    rcx:rcx   = 'com/android/tools/r8/internal/yg4'
  #           [sp+0x30]  (sp of caller)
  0x00007f476d159f40: 448b 5608 | 49bb 0000 | 0003 477f | 0000 4d03 | d34c 3bd0 

  0x00007f476d159f54: ;   {runtime_call ic_miss_stub}
  0x00007f476d159f54: 0f85 26b3 | 420e 660f | 1f44 0000 
[Verified Entry Point]
  0x00007f476d159f60: 8984 2400 | c0fe ff55 | 4883 ec20 | 4181 7f20 | 1300 0000 

  0x00007f476d159f74: ;   {runtime_call StubRoutines (final stubs)}
  0x00007f476d159f74: 7405 e8a5 

  0x00007f476d159f78: ;   {metadata(method data for {method} {0x00007f460bffab70} 'a' '(Ljava/lang/String;Lcom/android/tools/r8/internal/yg4;)Ljava/lang/Object;' in 'com/android/tools/r8/internal/dh4')}
  0x00007f476d159f78: 3241 0e48 | bf88 8eaf | fc45 7f00 | 008b 9ff4 | 0000 0083 | c302 899f | f400 0000 | 81e3 fe07 
  0x00007f476d159f98: 0000 85db | 0f84 c500 | 0000 483b | 0148 8bf1 

  0x00007f476d159fa8: ;   {metadata(method data for {method} {0x00007f460bffab70} 'a' '(Ljava/lang/String;Lcom/android/tools/r8/internal/yg4;)Ljava/lang/Object;' in 'com/android/tools/r8/internal/dh4')}
  0x00007f476d159fa8: 48bf 888e | affc 457f | 0000 8b76 | 0849 ba00 | 0000 0347 | 7f00 0049 | 03f2 483b | b748 0100 
  0x00007f476d159fc8: 0075 0d48 | 8387 5001 | 0000 01e9 | 6000 0000 | 483b b758 | 0100 0075 | 0d48 8387 | 6001 0000 
  0x00007f476d159fe8: 01e9 4a00 | 0000 4883 | bf48 0100 | 0000 7517 | 4889 b748 | 0100 0048 | c787 5001 | 0000 0100 
  0x00007f476d15a008: 0000 e929 | 0000 0048 | 83bf 5801 | 0000 0075 | 1748 89b7 | 5801 0000 | 48c7 8760 | 0100 0001 
  0x00007f476d15a028: 0000 00e9 | 0800 0000 | 4883 8738 | 0100 0001 | 488b f166 | 9048 b890 | 1be5 5946 

  0x00007f476d15a044: ;   {virtual_call}
  0x00007f476d15a044: 7f00 00e8 

  0x00007f476d15a048: ; ImmutableOopMap {}
                      ;*invokeinterface get {reexecute=0 rethrow=0 return_oop=0}
                      ; - com.android.tools.r8.internal.dh4::a@1 (line 4)
  0x00007f476d15a048: c4dd 500e 

  0x00007f476d15a04c: ;   {other}
  0x00007f476d15a04c: 0f1f 8400 | bc02 0000 | 4883 c420 

  0x00007f476d15a058: ;   {poll_return}
  0x00007f476d15a058: 5d49 3ba7 | 4804 0000 | 0f87 2700 

  0x00007f476d15a064: ;   {metadata({method} {0x00007f460bffab70} 'a' '(Ljava/lang/String;Lcom/android/tools/r8/internal/yg4;)Ljava/lang/Object;' in 'com/android/tools/r8/internal/dh4')}
  0x00007f476d15a064: 0000 c349 | ba70 abff | 0b46 7f00 | 004c 8954 | 2408 48c7 | 0424 ffff 

  0x00007f476d15a07c: ;   {runtime_call counter_overflow Runtime1 stub}
  0x00007f476d15a07c: ffff e87d 

  0x00007f476d15a080: ; ImmutableOopMap {rsi=Oop rdx=Oop rcx=Oop }
                      ;*synchronization entry
                      ; - com.android.tools.r8.internal.dh4::a@-1
  0x00007f476d15a080: da4f 0ee9 | 1aff ffff 

  0x00007f476d15a088: ;   {runtime_call throw_null_pointer_exception Runtime1 stub}
  0x00007f476d15a088: e893 724f 

  0x00007f476d15a08c: ; ImmutableOopMap {rcx=Oop }
                      ;*invokeinterface get {reexecute=0 rethrow=0 return_oop=0}
                      ; - com.android.tools.r8.internal.dh4::a@1 (line 4)
                      ;   {internal_word}
  0x00007f476d15a08c: 0e49 ba59 | a015 6d47 | 7f00 004d | 8997 6004 

  0x00007f476d15a09c: ;   {runtime_call SafepointBlob}
  0x00007f476d15a09c: 0000 e95d | 3343 0e49 | 8b87 f804 | 0000 49c7 | 87f8 0400 | 0000 0000 | 0049 c787 | 0005 0000 
  0x00007f476d15a0bc: 0000 0000 | 4883 c420 

  0x00007f476d15a0c4: ;   {runtime_call unwind_exception Runtime1 stub}
  0x00007f476d15a0c4: 5de9 3663 | 4f0e f4f4 | f4f4 f4f4 
[Stub Code]
  0x00007f476d15a0d0: ;   {no_reloc}
  0x00007f476d15a0d0: 0f1f 4400 

  0x00007f476d15a0d4: ;   {static_stub}
  0x00007f476d15a0d4: 0048 bb00 | 0000 0000 

  0x00007f476d15a0dc: ;   {runtime_call nmethod}
  0x00007f476d15a0dc: 0000 00e9 | fbff ffff 
[Exception Handler]
  0x00007f476d15a0e4: ;   {runtime_call handle_exception_from_callee Runtime1 stub}
  0x00007f476d15a0e4: e817 944f 

  0x00007f476d15a0e8: ;   {external_word}
  0x00007f476d15a0e8: 0e48 bf83 | 1612 9b47 | 7f00 0048 

  0x00007f476d15a0f4: ;   {runtime_call MacroAssembler::debug64(char*, long, long*)}
  0x00007f476d15a0f4: 83e4 f0e8 | 0457 aa2d 

  0x00007f476d15a0fc: ;   {section_word}
  0x00007f476d15a0fc: f449 bafd | a015 6d47 | 7f00 0041 

  0x00007f476d15a108: ;   {runtime_call DeoptimizationBlob}
  0x00007f476d15a108: 52e9 9247 | 430e f4f4 
[/MachCode]


Compiled method (c1) 169031 23132       3       com.android.tools.r8.internal.eg4$$Lambda/0x00007f47055df678::call (16 bytes)
 total in heap  [0x00007f476c8c5490,0x00007f476c8c5938] = 1192
 relocation     [0x00007f476c8c55e8,0x00007f476c8c5630] = 72
 main code      [0x00007f476c8c5640,0x00007f476c8c5838] = 504
 stub code      [0x00007f476c8c5838,0x00007f476c8c5878] = 64
 oops           [0x00007f476c8c5878,0x00007f476c8c5880] = 8
 metadata       [0x00007f476c8c5880,0x00007f476c8c5890] = 16
 scopes data    [0x00007f476c8c5890,0x00007f476c8c58c0] = 48
 scopes pcs     [0x00007f476c8c58c0,0x00007f476c8c5920] = 96
 dependencies   [0x00007f476c8c5920,0x00007f476c8c5928] = 8
 nul chk table  [0x00007f476c8c5928,0x00007f476c8c5938] = 16

[Constant Pool (empty)]

[MachCode]
[Entry Point]
  # {method} {0x00007f45fc3b5af8} 'call' '()Ljava/lang/Object;' in 'com/android/tools/r8/internal/eg4$$Lambda+0x00007f47055df678'
  #           [sp+0x60]  (sp of caller)
  0x00007f476c8c5640: 448b 5608 | 49bb 0000 | 0003 477f | 0000 4d03 | d34c 3bd0 

  0x00007f476c8c5654: ;   {runtime_call ic_miss_stub}
  0x00007f476c8c5654: 0f85 26fc | cb0e 660f | 1f44 0000 
[Verified Entry Point]
  0x00007f476c8c5660: 8984 2400 | c0fe ff55 | 4883 ec50 | 4181 7f20 | 1300 0000 

  0x00007f476c8c5674: ;   {runtime_call StubRoutines (final stubs)}
  0x00007f476c8c5674: 7405 e8a5 

  0x00007f476c8c5678: ;   {metadata(method data for {method} {0x00007f45fc3b5af8} 'call' '()Ljava/lang/Object;' in 'com/android/tools/r8/internal/eg4$$Lambda+0x00007f47055df678')}
  0x00007f476c8c5678: 7bca 0e48 | ba80 7972 | fc45 7f00 | 008b 8af4 | 0000 0083 | c102 898a | f400 0000 | 81e1 fe07 
  0x00007f476c8c5698: 0000 85c9 | 0f84 0d01 | 0000 8b7e | 1048 c1e7 | 038b 5614 | 48c1 e203 

  0x00007f476c8c56b0: ;   {metadata(method data for {method} {0x00007f45fc3b5af8} 'call' '()Ljava/lang/Object;' in 'com/android/tools/r8/internal/eg4$$Lambda+0x00007f47055df678')}
  0x00007f476c8c56b0: 8b4e 0c48 | be80 7972 | fc45 7f00 | 0048 8386 | 3801 0000 

  0x00007f476c8c56c4: ;   {metadata(method data for {method} {0x00007f45fc3a9fa8} 'a' '(Lcom/android/tools/r8/internal/wg4;Ljava/lang/Object;I)Ljava/lang/Object;' in 'com/android/tools/r8/internal/eg4')}
  0x00007f476c8c56c4: 0148 be08 | 7b72 fc45 | 7f00 008b | 9ef4 0000 | 0083 c302 | 899e f400 | 0000 81e3 | feff 1f00 
  0x00007f476c8c56e4: 85db 0f84 | e400 0000 

  0x00007f476c8c56ec: ; implicit exception: dispatches to 0x00007f476c8c57f1
  0x00007f476c8c56ec: 483b 0748 

  0x00007f476c8c56f0: ;   {metadata(method data for {method} {0x00007f45fc3a9fa8} 'a' '(Lcom/android/tools/r8/internal/wg4;Ljava/lang/Object;I)Ljava/lang/Object;' in 'com/android/tools/r8/internal/eg4')}
  0x00007f476c8c56f0: 8bf7 48bb | 087b 72fc | 457f 0000 | 8b76 0849 | ba00 0000 | 0347 7f00 | 0049 03f2 | 483b b348 
  0x00007f476c8c5710: 0100 0075 | 0d48 8383 | 5001 0000 | 01e9 6000 | 0000 483b | b358 0100 | 0075 0d48 | 8383 6001 
  0x00007f476c8c5730: 0000 01e9 | 4a00 0000 | 4883 bb48 | 0100 0000 | 7517 4889 | b348 0100 | 0048 c783 | 5001 0000 
  0x00007f476c8c5750: 0100 0000 | e929 0000 | 0048 83bb | 5801 0000 | 0075 1748 | 89b3 5801 | 0000 48c7 | 8360 0100 
  0x00007f476c8c5770: 0001 0000 | 00e9 0800 | 0000 4883 | 8338 0100 | 0001 488b | f748 b820 | 9246 2846 

  0x00007f476c8c578c: ;   {virtual_call}
  0x00007f476c8c578c: 7f00 00e8 

  0x00007f476c8c5790: ; ImmutableOopMap {}
                      ;*invokeinterface a {reexecute=0 rethrow=0 return_oop=0}
                      ; - com.android.tools.r8.internal.eg4::a@3 (line 17)
                      ; - com.android.tools.r8.internal.eg4$$Lambda/0x00007f47055df678::call@12
  0x00007f476c8c5790: 7c26 da0e 

  0x00007f476c8c5794: ;   {other}
  0x00007f476c8c5794: 0f1f 8400 | 0403 0000 | 4883 c450 

  0x00007f476c8c57a0: ;   {poll_return}
  0x00007f476c8c57a0: 5d49 3ba7 | 4804 0000 | 0f87 4800 

  0x00007f476c8c57ac: ;   {metadata({method} {0x00007f45fc3b5af8} 'call' '()Ljava/lang/Object;' in 'com/android/tools/r8/internal/eg4$$Lambda+0x00007f47055df678')}
  0x00007f476c8c57ac: 0000 c349 | baf8 5a3b | fc45 7f00 | 004c 8954 | 2408 48c7 | 0424 ffff 

  0x00007f476c8c57c4: ;   {runtime_call counter_overflow Runtime1 stub}
  0x00007f476c8c57c4: ffff e835 

  0x00007f476c8c57c8: ; ImmutableOopMap {rsi=Oop }
                      ;*synchronization entry
                      ; - com.android.tools.r8.internal.eg4$$Lambda/0x00007f47055df678::call@-1
  0x00007f476c8c57c8: 23d9 0ee9 | d2fe ffff 

  0x00007f476c8c57d0: ;   {metadata({method} {0x00007f45fc3a9fa8} 'a' '(Lcom/android/tools/r8/internal/wg4;Ljava/lang/Object;I)Ljava/lang/Object;' in 'com/android/tools/r8/internal/eg4')}
  0x00007f476c8c57d0: 49ba a89f | 3afc 457f | 0000 4c89 | 5424 0848 | c704 24ff 

  0x00007f476c8c57e4: ;   {runtime_call counter_overflow Runtime1 stub}
  0x00007f476c8c57e4: ffff ffe8 

  0x00007f476c8c57e8: ; ImmutableOopMap {rdi=Oop rdx=Oop }
                      ;*synchronization entry
                      ; - com.android.tools.r8.internal.eg4::a@-1
                      ; - com.android.tools.r8.internal.eg4$$Lambda/0x00007f47055df678::call@12
  0x00007f476c8c57e8: 1423 d90e | e9fb feff 

  0x00007f476c8c57f0: ;   {runtime_call throw_null_pointer_exception Runtime1 stub}
  0x00007f476c8c57f0: ffe8 2abb 

  0x00007f476c8c57f4: ; ImmutableOopMap {rdi=Oop rdx=Oop }
                      ;*invokeinterface a {reexecute=0 rethrow=0 return_oop=0}
                      ; - com.android.tools.r8.internal.eg4::a@3 (line 17)
                      ; - com.android.tools.r8.internal.eg4$$Lambda/0x00007f47055df678::call@12
                      ;   {internal_word}
  0x00007f476c8c57f4: d80e 49ba | a157 8c6c | 477f 0000 | 4d89 9760 

  0x00007f476c8c5804: ;   {runtime_call SafepointBlob}
  0x00007f476c8c5804: 0400 00e9 | f47b cc0e | 498b 87f8 | 0400 0049 | c787 f804 | 0000 0000 | 0000 49c7 | 8700 0500 
  0x00007f476c8c5824: 0000 0000 | 0048 83c4 

  0x00007f476c8c582c: ;   {runtime_call unwind_exception Runtime1 stub}
  0x00007f476c8c582c: 505d e9cd | abd8 0ef4 | f4f4 f4f4 
[Stub Code]
  0x00007f476c8c5838: ;   {no_reloc}
  0x00007f476c8c5838: 0f1f 4400 

  0x00007f476c8c583c: ;   {static_stub}
  0x00007f476c8c583c: 0048 bb00 | 0000 0000 

  0x00007f476c8c5844: ;   {runtime_call nmethod}
  0x00007f476c8c5844: 0000 00e9 | fbff ffff 
[Exception Handler]
  0x00007f476c8c584c: ;   {runtime_call handle_exception_from_callee Runtime1 stub}
  0x00007f476c8c584c: e8af dcd8 

  0x00007f476c8c5850: ;   {external_word}
  0x00007f476c8c5850: 0e48 bf83 | 1612 9b47 | 7f00 0048 

  0x00007f476c8c585c: ;   {runtime_call MacroAssembler::debug64(char*, long, long*)}
  0x00007f476c8c585c: 83e4 f0e8 | 9c9f 332e 

  0x00007f476c8c5864: ;   {section_word}
  0x00007f476c8c5864: f449 ba65 | 588c 6c47 | 7f00 0041 

  0x00007f476c8c5870: ;   {runtime_call DeoptimizationBlob}
  0x00007f476c8c5870: 52e9 2a90 | cc0e f4f4 
[/MachCode]


---------------  P R O C E S S  ---------------

Threads class SMR info:
_java_thread_list=0x00007f46cca0bcc0, length=165, elements={
0x00007f479402e1a0, 0x00007f47940f4250, 0x00007f47940f56e0, 0x00007f47940f6d90,
0x00007f47940f83c0, 0x00007f47940f9950, 0x00007f47940fb480, 0x00007f47940fcb30,
0x00007f479410d9d0, 0x00007f47941b0690, 0x00007f47953c4f10, 0x00007f4795457650,
0x00007f4795492fb0, 0x00007f46a4016220, 0x00007f469c0013b0, 0x00007f469c0076d0,
0x00007f469c00aa30, 0x00007f469800a0d0, 0x00007f469800d8c0, 0x00007f46980196c0,
0x00007f4698225cf0, 0x00007f469822b350, 0x00007f46982697b0, 0x00007f4698b25cf0,
0x00007f4698b30940, 0x00007f4698c4cf90, 0x00007f4698c502b0, 0x00007f4698d78e10,
0x00007f4698d9d730, 0x00007f4698e8bbf0, 0x00007f4698ec7b00, 0x00007f46986d4d60,
0x00007f4699694580, 0x00007f4699696330, 0x00007f46996975f0, 0x00007f4699698890,
0x00007f4699699b40, 0x00007f469969b0b0, 0x00007f469969c760, 0x00007f46996ba3e0,
0x00007f46996bda90, 0x00007f46996be6f0, 0x00007f46996bf870, 0x00007f46996c09f0,
0x00007f46996c1ce0, 0x00007f46996c2fe0, 0x00007f46996cf170, 0x00007f46996d0230,
0x00007f46996d13b0, 0x00007f46996d2d40, 0x00007f46996d4450, 0x00007f46996d5ba0,
0x00007f46996d6f30, 0x00007f4699752cf0, 0x00007f4699c5d4f0, 0x00007f46992682b0,
0x00007f4628018800, 0x00007f4628015260, 0x00007f4628016880, 0x00007f462803ac50,
0x00007f462803c3b0, 0x00007f462803db20, 0x00007f462803f290, 0x00007f462409b4b0,
0x00007f46240f8910, 0x00007f46240f64f0, 0x00007f46240f7890, 0x00007f4624100840,
0x00007f4624101fe0, 0x00007f4624103160, 0x00007f4624104910, 0x00007f4624106ba0,
0x00007f4624107e70, 0x00007f4624108f50, 0x00007f462410cb50, 0x00007f462410e0c0,
0x00007f462410f890, 0x00007f4624111080, 0x00007f4624115a60, 0x00007f4624116bb0,
0x00007f46241183b0, 0x00007f4624119830, 0x00007f462411b0e0, 0x00007f462411c530,
0x00007f462411dd50, 0x00007f462411fd80, 0x00007f4624123380, 0x00007f46242867c0,
0x00007f46a804fb10, 0x00007f46a806f8e0, 0x00007f46a807bfd0, 0x00007f46a808e590,
0x00007f46a808f980, 0x00007f46c0014ea0, 0x00007f4699275380, 0x00007f4699276400,
0x00007f4699277780, 0x00007f4699550c60, 0x00007f4699551fa0, 0x00007f46995537c0,
0x00007f4699554d60, 0x00007f46984e2030, 0x00007f46984e3490, 0x00007f46984e4900,
0x00007f46984e5cc0, 0x00007f46984e74d0, 0x00007f469899f370, 0x00007f46989a0690,
0x00007f46989a5440, 0x00007f469a17d410, 0x00007f469a17e700, 0x00007f469a17f7a0,
0x00007f46987fb4e0, 0x00007f46987fc8c0, 0x00007f46989a3c00, 0x00007f469aa39040,
0x00007f469a62b110, 0x00007f469b037f50, 0x00007f469b051c30, 0x00007f469b0807f0,
0x00007f469b081760, 0x00007f469b0885b0, 0x00007f469b089be0, 0x00007f469b08b470,
0x00007f469b08cd00, 0x00007f469b08ddb0, 0x00007f469b08f450, 0x00007f469b090260,
0x00007f469b091bd0, 0x00007f469b0933f0, 0x00007f469b094d80, 0x00007f469b096300,
0x00007f469b097880, 0x00007f469b098f40, 0x00007f469b086a30, 0x00007f469b499ed0,
0x00007f469b4a20f0, 0x00007f469b58ab80, 0x00007f469b596300, 0x00007f469b59e530,
0x00007f469b5a56f0, 0x00007f46005911e0, 0x00007f4600592480, 0x00007f4634018530,
0x00007f4630036b60, 0x00007f468c00c0c0, 0x00007f468c00d930, 0x00007f468c00f660,
0x00007f46d08d2710, 0x00007f462c0437e0, 0x00007f462402e820, 0x00007f4640012330,
0x00007f463408f3a0, 0x00007f474c008e70, 0x00007f46a0051e80, 0x00007f46400195c0,
0x00007f4754017640, 0x00007f46e00f12b0, 0x00007f46c400c9d0, 0x00007f46cc44a770,
0x00007f4640078880, 0x00007f462801fc80, 0x00007f463003dee0, 0x00007f46ccb3e510,
0x00007f46cca09a00
}

Java Threads: ( => current thread )
  0x00007f479402e1a0 JavaThread "main"                              [_thread_blocked, id=29429, stack(0x00007f4799de9000,0x00007f4799ee9000) (1024K)]
  0x00007f47940f4250 JavaThread "Reference Handler"          daemon [_thread_blocked, id=29440, stack(0x00007f4761700000,0x00007f4761800000) (1024K)]
  0x00007f47940f56e0 JavaThread "Finalizer"                  daemon [_thread_blocked, id=29441, stack(0x00007f4761600000,0x00007f4761700000) (1024K)]
  0x00007f47940f6d90 JavaThread "Signal Dispatcher"          daemon [_thread_blocked, id=29442, stack(0x00007f4761500000,0x00007f4761600000) (1024K)]
  0x00007f47940f83c0 JavaThread "Service Thread"             daemon [_thread_blocked, id=29443, stack(0x00007f4761400000,0x00007f4761500000) (1024K)]
  0x00007f47940f9950 JavaThread "Monitor Deflation Thread"   daemon [_thread_blocked, id=29444, stack(0x00007f4761300000,0x00007f4761400000) (1024K)]
  0x00007f47940fb480 JavaThread "C2 CompilerThread0"         daemon [_thread_blocked, id=29445, stack(0x00007f4761200000,0x00007f4761300000) (1024K)]
  0x00007f47940fcb30 JavaThread "C1 CompilerThread0"         daemon [_thread_blocked, id=29446, stack(0x00007f4761100000,0x00007f4761200000) (1024K)]
  0x00007f479410d9d0 JavaThread "Common-Cleaner"             daemon [_thread_blocked, id=29447, stack(0x00007f4761000000,0x00007f4761100000) (1024K)]
  0x00007f47941b0690 JavaThread "Notification Thread"        daemon [_thread_blocked, id=29448, stack(0x00007f4760f00000,0x00007f4761000000) (1024K)]
  0x00007f47953c4f10 JavaThread "Daemon health stats"               [_thread_blocked, id=29468, stack(0x00007f476086b000,0x00007f476096b000) (1024K)]
  0x00007f4795457650 JavaThread "Incoming local TCP Connector on port 32779"        [_thread_in_native, id=29469, stack(0x00007f4760500000,0x00007f4760600000) (1024K)]
  0x00007f4795492fb0 JavaThread "Daemon periodic checks"            [_thread_blocked, id=29470, stack(0x00007f4760400000,0x00007f4760500000) (1024K)]
  0x00007f46a4016220 JavaThread "Daemon"                            [_thread_blocked, id=29471, stack(0x00007f4760300000,0x00007f4760400000) (1024K)]
  0x00007f469c0013b0 JavaThread "Handler for socket connection from /127.0.0.1:32779 to /127.0.0.1:44606"        [_thread_in_native, id=29472, stack(0x00007f4760200000,0x00007f4760300000) (1024K)]
  0x00007f469c0076d0 JavaThread "Cancel handler"                    [_thread_blocked, id=29473, stack(0x00007f4760100000,0x00007f4760200000) (1024K)]
  0x00007f469c00aa30 JavaThread "Daemon worker"                     [_thread_blocked, id=29474, stack(0x00007f4760000000,0x00007f4760100000) (1024K)]
  0x00007f469800a0d0 JavaThread "Asynchronous log dispatcher for DefaultDaemonConnection: socket connection from /127.0.0.1:32779 to /127.0.0.1:44606"        [_thread_blocked, id=29475, stack(0x00007f4751f00000,0x00007f4752000000) (1024K)]
  0x00007f469800d8c0 JavaThread "Stdin handler"                     [_thread_blocked, id=29476, stack(0x00007f4751e00000,0x00007f4751f00000) (1024K)]
  0x00007f46980196c0 JavaThread "Daemon client event forwarder"        [_thread_blocked, id=29477, stack(0x00007f4751d00000,0x00007f4751e00000) (1024K)]
  0x00007f4698225cf0 JavaThread "Cache worker for journal cache (/home/norbs/.gradle/caches/journal-1)"        [_thread_blocked, id=29478, stack(0x00007f4751c00000,0x00007f4751d00000) (1024K)]
  0x00007f469822b350 JavaThread "File lock request listener"        [_thread_in_native, id=29479, stack(0x00007f4751b00000,0x00007f4751c00000) (1024K)]
  0x00007f46982697b0 JavaThread "Cache worker for file hash cache (/home/norbs/.gradle/caches/9.3.1/fileHashes)"        [_thread_blocked, id=29490, stack(0x00007f4751a00000,0x00007f4751b00000) (1024K)]
  0x00007f4698b25cf0 JavaThread "Cache worker for file hash cache (/home/norbs/StudioProjects/SMS-BASED-FRAUD-DETECTION-/android/.gradle/9.3.1/fileHashes)"        [_thread_blocked, id=29496, stack(0x00007f47515fd000,0x00007f47516fd000) (1024K)]
  0x00007f4698b30940 JavaThread "Cache worker for Build Output Cleanup Cache (/home/norbs/StudioProjects/SMS-BASED-FRAUD-DETECTION-/android/.gradle/buildOutputCleanup)"        [_thread_blocked, id=29497, stack(0x00007f47514fd000,0x00007f47515fd000) (1024K)]
  0x00007f4698c4cf90 JavaThread "File watcher server"        daemon [_thread_blocked, id=29498, stack(0x00007f47513fd000,0x00007f47514fd000) (1024K)]
  0x00007f4698c502b0 JavaThread "File watcher consumer"      daemon [_thread_blocked, id=29499, stack(0x00007f47512fd000,0x00007f47513fd000) (1024K)]
  0x00007f4698d78e10 JavaThread "Cache worker for checksums cache (/home/norbs/StudioProjects/SMS-BASED-FRAUD-DETECTION-/android/.gradle/9.3.1/checksums)"        [_thread_blocked, id=29500, stack(0x00007f47511fd000,0x00007f47512fd000) (1024K)]
  0x00007f4698d9d730 JavaThread "Cache worker for file content cache (/home/norbs/.gradle/caches/9.3.1/fileContent)"        [_thread_blocked, id=29501, stack(0x00007f47510fd000,0x00007f47511fd000) (1024K)]
  0x00007f4698e8bbf0 JavaThread "Cache worker for cache directory md-supplier (/home/norbs/.gradle/caches/9.3.1/md-supplier)"        [_thread_blocked, id=29503, stack(0x00007f4750ffd000,0x00007f47510fd000) (1024K)]
  0x00007f4698ec7b00 JavaThread "Cache worker for cache directory md-rule (/home/norbs/.gradle/caches/9.3.1/md-rule)"        [_thread_blocked, id=29504, stack(0x00007f4750efd000,0x00007f4750ffd000) (1024K)]
  0x00007f46986d4d60 JavaThread "Cache worker for Build Output Cleanup Cache (/home/norbs/snap/flutter/common/flutter/packages/flutter_tools/gradle/.gradle/buildOutputCleanup)"        [_thread_blocked, id=29514, stack(0x00007f4750dfd000,0x00007f4750efd000) (1024K)]
  0x00007f4699694580 JavaThread "Unconstrained build operations"        [_thread_blocked, id=29528, stack(0x00007f4750cfd000,0x00007f4750dfd000) (1024K)]
  0x00007f4699696330 JavaThread "Unconstrained build operations Thread 2"        [_thread_blocked, id=29529, stack(0x00007f4750bfd000,0x00007f4750cfd000) (1024K)]
  0x00007f46996975f0 JavaThread "Unconstrained build operations Thread 3"        [_thread_blocked, id=29530, stack(0x00007f4750afd000,0x00007f4750bfd000) (1024K)]
  0x00007f4699698890 JavaThread "Unconstrained build operations Thread 4"        [_thread_blocked, id=29531, stack(0x00007f47509fd000,0x00007f4750afd000) (1024K)]
  0x00007f4699699b40 JavaThread "Unconstrained build operations Thread 5"        [_thread_blocked, id=29532, stack(0x00007f47508fd000,0x00007f47509fd000) (1024K)]
  0x00007f469969b0b0 JavaThread "Unconstrained build operations Thread 6"        [_thread_blocked, id=29533, stack(0x00007f47507fd000,0x00007f47508fd000) (1024K)]
  0x00007f469969c760 JavaThread "Unconstrained build operations Thread 7"        [_thread_blocked, id=29534, stack(0x00007f47506fd000,0x00007f47507fd000) (1024K)]
  0x00007f46996ba3e0 JavaThread "Unconstrained build operations Thread 8"        [_thread_blocked, id=29535, stack(0x00007f47505fd000,0x00007f47506fd000) (1024K)]
  0x00007f46996bda90 JavaThread "Unconstrained build operations Thread 9"        [_thread_blocked, id=29536, stack(0x00007f47504fd000,0x00007f47505fd000) (1024K)]
  0x00007f46996be6f0 JavaThread "Unconstrained build operations Thread 10"        [_thread_blocked, id=29537, stack(0x00007f47503fd000,0x00007f47504fd000) (1024K)]
  0x00007f46996bf870 JavaThread "Unconstrained build operations Thread 11"        [_thread_blocked, id=29538, stack(0x00007f47502fd000,0x00007f47503fd000) (1024K)]
  0x00007f46996c09f0 JavaThread "Unconstrained build operations Thread 12"        [_thread_blocked, id=29539, stack(0x00007f47501fd000,0x00007f47502fd000) (1024K)]
  0x00007f46996c1ce0 JavaThread "Unconstrained build operations Thread 13"        [_thread_blocked, id=29540, stack(0x00007f47500fd000,0x00007f47501fd000) (1024K)]
  0x00007f46996c2fe0 JavaThread "Unconstrained build operations Thread 14"        [_thread_blocked, id=29541, stack(0x00007f46fef00000,0x00007f46ff000000) (1024K)]
  0x00007f46996cf170 JavaThread "Unconstrained build operations Thread 15"        [_thread_blocked, id=29542, stack(0x00007f46fee00000,0x00007f46fef00000) (1024K)]
  0x00007f46996d0230 JavaThread "Unconstrained build operations Thread 16"        [_thread_blocked, id=29543, stack(0x00007f46fed00000,0x00007f46fee00000) (1024K)]
  0x00007f46996d13b0 JavaThread "Unconstrained build operations Thread 17"        [_thread_blocked, id=29544, stack(0x00007f46fec00000,0x00007f46fed00000) (1024K)]
  0x00007f46996d2d40 JavaThread "Unconstrained build operations Thread 18"        [_thread_blocked, id=29545, stack(0x00007f46feb00000,0x00007f46fec00000) (1024K)]
  0x00007f46996d4450 JavaThread "Unconstrained build operations Thread 19"        [_thread_blocked, id=29546, stack(0x00007f46fea00000,0x00007f46feb00000) (1024K)]
  0x00007f46996d5ba0 JavaThread "Unconstrained build operations Thread 20"        [_thread_blocked, id=29547, stack(0x00007f46fe900000,0x00007f46fea00000) (1024K)]
  0x00007f46996d6f30 JavaThread "Unconstrained build operations Thread 21"        [_thread_blocked, id=29548, stack(0x00007f46fe800000,0x00007f46fe900000) (1024K)]
  0x00007f4699752cf0 JavaThread "Memory manager"                    [_thread_blocked, id=29549, stack(0x00007f46fe700000,0x00007f46fe800000) (1024K)]
  0x00007f4699c5d4f0 JavaThread "build event listener"              [_thread_blocked, id=29560, stack(0x00007f46fe600000,0x00007f46fe700000) (1024K)]
  0x00007f46992682b0 JavaThread "included builds"                   [_thread_blocked, id=29563, stack(0x00007f46fe500000,0x00007f46fe600000) (1024K)]
  0x00007f4628018800 JavaThread "Execution worker"                  [_thread_blocked, id=29564, stack(0x00007f46fe400000,0x00007f46fe500000) (1024K)]
  0x00007f4628015260 JavaThread "Execution worker Thread 2"         [_thread_blocked, id=29565, stack(0x00007f46fe300000,0x00007f46fe400000) (1024K)]
  0x00007f4628016880 JavaThread "Execution worker Thread 3"         [_thread_blocked, id=29566, stack(0x00007f46fe200000,0x00007f46fe300000) (1024K)]
  0x00007f462803ac50 JavaThread "Execution worker Thread 4"         [_thread_blocked, id=29567, stack(0x00007f46fe100000,0x00007f46fe200000) (1024K)]
  0x00007f462803c3b0 JavaThread "Execution worker Thread 5"         [_thread_blocked, id=29568, stack(0x00007f46fe000000,0x00007f46fe100000) (1024K)]
  0x00007f462803db20 JavaThread "Execution worker Thread 6"         [_thread_blocked, id=29569, stack(0x00007f46fdf00000,0x00007f46fe000000) (1024K)]
  0x00007f462803f290 JavaThread "Execution worker Thread 7"         [_thread_blocked, id=29570, stack(0x00007f46fde00000,0x00007f46fdf00000) (1024K)]
  0x00007f462409b4b0 JavaThread "Cache worker for execution history cache (/home/norbs/snap/flutter/common/flutter/packages/flutter_tools/gradle/.gradle/9.3.1/executionHistory)"        [_thread_blocked, id=29571, stack(0x00007f46fdd00000,0x00007f46fde00000) (1024K)]
  0x00007f46240f8910 JavaThread "Unconstrained build operations Thread 22"        [_thread_blocked, id=29572, stack(0x00007f46fdc00000,0x00007f46fdd00000) (1024K)]
  0x00007f46240f64f0 JavaThread "Unconstrained build operations Thread 23"        [_thread_blocked, id=29573, stack(0x00007f46fdb00000,0x00007f46fdc00000) (1024K)]
  0x00007f46240f7890 JavaThread "Unconstrained build operations Thread 24"        [_thread_blocked, id=29574, stack(0x00007f46fda00000,0x00007f46fdb00000) (1024K)]
  0x00007f4624100840 JavaThread "Unconstrained build operations Thread 25"        [_thread_blocked, id=29575, stack(0x00007f46fd900000,0x00007f46fda00000) (1024K)]
  0x00007f4624101fe0 JavaThread "Unconstrained build operations Thread 26"        [_thread_blocked, id=29576, stack(0x00007f46fd800000,0x00007f46fd900000) (1024K)]
  0x00007f4624103160 JavaThread "Unconstrained build operations Thread 27"        [_thread_blocked, id=29577, stack(0x00007f46fd700000,0x00007f46fd800000) (1024K)]
  0x00007f4624104910 JavaThread "Unconstrained build operations Thread 28"        [_thread_blocked, id=29578, stack(0x00007f46fd600000,0x00007f46fd700000) (1024K)]
  0x00007f4624106ba0 JavaThread "Unconstrained build operations Thread 29"        [_thread_blocked, id=29579, stack(0x00007f46fd500000,0x00007f46fd600000) (1024K)]
  0x00007f4624107e70 JavaThread "Unconstrained build operations Thread 30"        [_thread_blocked, id=29580, stack(0x00007f46fd400000,0x00007f46fd500000) (1024K)]
  0x00007f4624108f50 JavaThread "Unconstrained build operations Thread 31"        [_thread_blocked, id=29581, stack(0x00007f46fd300000,0x00007f46fd400000) (1024K)]
=>0x00007f462410cb50 JavaThread "Unconstrained build operations Thread 32"        [_thread_in_Java, id=29582, stack(0x00007f46fd200000,0x00007f46fd300000) (1024K)]
  0x00007f462410e0c0 JavaThread "Unconstrained build operations Thread 33"        [_thread_blocked, id=29583, stack(0x00007f46fd100000,0x00007f46fd200000) (1024K)]
  0x00007f462410f890 JavaThread "Unconstrained build operations Thread 34"        [_thread_blocked, id=29584, stack(0x00007f46fd000000,0x00007f46fd100000) (1024K)]
  0x00007f4624111080 JavaThread "Unconstrained build operations Thread 35"        [_thread_blocked, id=29585, stack(0x00007f46fcf00000,0x00007f46fd000000) (1024K)]
  0x00007f4624115a60 JavaThread "Unconstrained build operations Thread 36"        [_thread_blocked, id=29586, stack(0x00007f46fce00000,0x00007f46fcf00000) (1024K)]
  0x00007f4624116bb0 JavaThread "Unconstrained build operations Thread 37"        [_thread_blocked, id=29587, stack(0x00007f46fcd00000,0x00007f46fce00000) (1024K)]
  0x00007f46241183b0 JavaThread "Unconstrained build operations Thread 38"        [_thread_blocked, id=29588, stack(0x00007f46fcc00000,0x00007f46fcd00000) (1024K)]
  0x00007f4624119830 JavaThread "Unconstrained build operations Thread 39"        [_thread_blocked, id=29589, stack(0x00007f46fcb00000,0x00007f46fcc00000) (1024K)]
  0x00007f462411b0e0 JavaThread "Unconstrained build operations Thread 40"        [_thread_blocked, id=29590, stack(0x00007f46fca00000,0x00007f46fcb00000) (1024K)]
  0x00007f462411c530 JavaThread "Unconstrained build operations Thread 41"        [_thread_blocked, id=29591, stack(0x00007f46fc900000,0x00007f46fca00000) (1024K)]
  0x00007f462411dd50 JavaThread "Unconstrained build operations Thread 42"        [_thread_blocked, id=29592, stack(0x00007f46fc800000,0x00007f46fc900000) (1024K)]
  0x00007f462411fd80 JavaThread "Unconstrained build operations Thread 43"        [_thread_blocked, id=29593, stack(0x00007f46fc700000,0x00007f46fc800000) (1024K)]
  0x00007f4624123380 JavaThread "Unconstrained build operations Thread 44"        [_thread_blocked, id=29594, stack(0x00007f46fc600000,0x00007f46fc700000) (1024K)]
  0x00007f46242867c0 JavaThread "WorkerExecutor Queue"              [_thread_blocked, id=29595, stack(0x00007f46fc500000,0x00007f46fc600000) (1024K)]
  0x00007f46a804fb10 JavaThread "process reaper (pid 29596)" daemon [_thread_in_native, id=29598, stack(0x00007f4793fa9000,0x00007f4793fcb000) (136K)]
  0x00007f46a806f8e0 JavaThread "RMI Scheduler(0)"           daemon [_thread_blocked, id=29639, stack(0x00007f46fc400000,0x00007f46fc500000) (1024K)]
  0x00007f46a807bfd0 JavaThread "RMI GC Daemon"              daemon [_thread_blocked, id=29646, stack(0x00007f46fc200000,0x00007f46fc300000) (1024K)]
  0x00007f46a808e590 JavaThread "RMI TCP Accept-0"           daemon [_thread_in_native, id=29651, stack(0x00007f46fc100000,0x00007f46fc200000) (1024K)]
  0x00007f46a808f980 JavaThread "RMI Reaper"                        [_thread_blocked, id=29652, stack(0x00007f46fc000000,0x00007f46fc100000) (1024K)]
  0x00007f46c0014ea0 JavaThread "RMI TCP Connection(idle)"   daemon [_thread_blocked, id=29658, stack(0x00007f46f7f00000,0x00007f46f8000000) (1024K)]
  0x00007f4699275380 JavaThread "Unconstrained build operations Thread 45"        [_thread_blocked, id=29899, stack(0x00007f46e9f00000,0x00007f46ea000000) (1024K)]
  0x00007f4699276400 JavaThread "Unconstrained build operations Thread 46"        [_thread_blocked, id=29900, stack(0x00007f46e9e00000,0x00007f46e9f00000) (1024K)]
  0x00007f4699277780 JavaThread "Unconstrained build operations Thread 47"        [_thread_blocked, id=29901, stack(0x00007f46e9d00000,0x00007f46e9e00000) (1024K)]
  0x00007f4699550c60 JavaThread "Unconstrained build operations Thread 48"        [_thread_blocked, id=29902, stack(0x00007f46e9c00000,0x00007f46e9d00000) (1024K)]
  0x00007f4699551fa0 JavaThread "Unconstrained build operations Thread 49"        [_thread_blocked, id=29903, stack(0x00007f46e9b00000,0x00007f46e9c00000) (1024K)]
  0x00007f46995537c0 JavaThread "Unconstrained build operations Thread 50"        [_thread_blocked, id=29904, stack(0x00007f46e9a00000,0x00007f46e9b00000) (1024K)]
  0x00007f4699554d60 JavaThread "Unconstrained build operations Thread 51"        [_thread_blocked, id=29905, stack(0x00007f46e9900000,0x00007f46e9a00000) (1024K)]
  0x00007f46984e2030 JavaThread "Unconstrained build operations Thread 52"        [_thread_blocked, id=29906, stack(0x00007f46e9800000,0x00007f46e9900000) (1024K)]
  0x00007f46984e3490 JavaThread "Unconstrained build operations Thread 53"        [_thread_blocked, id=29907, stack(0x00007f46e9700000,0x00007f46e9800000) (1024K)]
  0x00007f46984e4900 JavaThread "Unconstrained build operations Thread 54"        [_thread_blocked, id=29908, stack(0x00007f46e9600000,0x00007f46e9700000) (1024K)]
  0x00007f46984e5cc0 JavaThread "Unconstrained build operations Thread 55"        [_thread_blocked, id=29909, stack(0x00007f46e9500000,0x00007f46e9600000) (1024K)]
  0x00007f46984e74d0 JavaThread "Unconstrained build operations Thread 56"        [_thread_blocked, id=29910, stack(0x00007f46e9400000,0x00007f46e9500000) (1024K)]
  0x00007f469899f370 JavaThread "Unconstrained build operations Thread 57"        [_thread_blocked, id=29911, stack(0x00007f46e9300000,0x00007f46e9400000) (1024K)]
  0x00007f46989a0690 JavaThread "Unconstrained build operations Thread 58"        [_thread_blocked, id=29912, stack(0x00007f46e9200000,0x00007f46e9300000) (1024K)]
  0x00007f46989a5440 JavaThread "Unconstrained build operations Thread 59"        [_thread_blocked, id=29913, stack(0x00007f46fc300000,0x00007f46fc400000) (1024K)]
  0x00007f469a17d410 JavaThread "Unconstrained build operations Thread 60"        [_thread_blocked, id=29914, stack(0x00007f46e9100000,0x00007f46e9200000) (1024K)]
  0x00007f469a17e700 JavaThread "Unconstrained build operations Thread 61"        [_thread_blocked, id=29915, stack(0x00007f46e9000000,0x00007f46e9100000) (1024K)]
  0x00007f469a17f7a0 JavaThread "Unconstrained build operations Thread 62"        [_thread_blocked, id=29916, stack(0x00007f46e8f00000,0x00007f46e9000000) (1024K)]
  0x00007f46987fb4e0 JavaThread "Unconstrained build operations Thread 63"        [_thread_blocked, id=29917, stack(0x00007f46e8e00000,0x00007f46e8f00000) (1024K)]
  0x00007f46987fc8c0 JavaThread "Unconstrained build operations Thread 64"        [_thread_blocked, id=29918, stack(0x00007f46e8d00000,0x00007f46e8e00000) (1024K)]
  0x00007f46989a3c00 JavaThread "Unconstrained build operations Thread 65"        [_thread_blocked, id=29919, stack(0x00007f46e8c00000,0x00007f46e8d00000) (1024K)]
  0x00007f469aa39040 JavaThread "build event listener"              [_thread_blocked, id=29967, stack(0x00007f46e8b00000,0x00007f46e8c00000) (1024K)]
  0x00007f469a62b110 JavaThread "build event listener"              [_thread_blocked, id=29970, stack(0x00007f46e8a00000,0x00007f46e8b00000) (1024K)]
  0x00007f469b037f50 JavaThread "Problems report writer"            [_thread_blocked, id=30003, stack(0x00007f46e8900000,0x00007f46e8a00000) (1024K)]
  0x00007f469b051c30 JavaThread "jar transforms"                    [_thread_blocked, id=30004, stack(0x00007f46e8800000,0x00007f46e8900000) (1024K)]
  0x00007f469b0807f0 JavaThread "Unconstrained build operations Thread 66"        [_thread_blocked, id=30005, stack(0x00007f46e8700000,0x00007f46e8800000) (1024K)]
  0x00007f469b081760 JavaThread "Unconstrained build operations Thread 67"        [_thread_blocked, id=30006, stack(0x00007f46e8600000,0x00007f46e8700000) (1024K)]
  0x00007f469b0885b0 JavaThread "Unconstrained build operations Thread 68"        [_thread_blocked, id=30007, stack(0x00007f46e8500000,0x00007f46e8600000) (1024K)]
  0x00007f469b089be0 JavaThread "Unconstrained build operations Thread 69"        [_thread_blocked, id=30008, stack(0x00007f46e8400000,0x00007f46e8500000) (1024K)]
  0x00007f469b08b470 JavaThread "Unconstrained build operations Thread 70"        [_thread_blocked, id=30009, stack(0x00007f46e8300000,0x00007f46e8400000) (1024K)]
  0x00007f469b08cd00 JavaThread "Unconstrained build operations Thread 71"        [_thread_blocked, id=30010, stack(0x00007f46e8200000,0x00007f46e8300000) (1024K)]
  0x00007f469b08ddb0 JavaThread "Unconstrained build operations Thread 72"        [_thread_blocked, id=30011, stack(0x00007f46e8100000,0x00007f46e8200000) (1024K)]
  0x00007f469b08f450 JavaThread "Unconstrained build operations Thread 73"        [_thread_blocked, id=30012, stack(0x00007f46e8000000,0x00007f46e8100000) (1024K)]
  0x00007f469b090260 JavaThread "Unconstrained build operations Thread 74"        [_thread_blocked, id=30013, stack(0x00007f4607f00000,0x00007f4608000000) (1024K)]
  0x00007f469b091bd0 JavaThread "Unconstrained build operations Thread 75"        [_thread_blocked, id=30014, stack(0x00007f4607e00000,0x00007f4607f00000) (1024K)]
  0x00007f469b0933f0 JavaThread "Unconstrained build operations Thread 76"        [_thread_blocked, id=30015, stack(0x00007f4607d00000,0x00007f4607e00000) (1024K)]
  0x00007f469b094d80 JavaThread "Unconstrained build operations Thread 77"        [_thread_blocked, id=30016, stack(0x00007f4607c00000,0x00007f4607d00000) (1024K)]
  0x00007f469b096300 JavaThread "Unconstrained build operations Thread 78"        [_thread_blocked, id=30017, stack(0x00007f4607b00000,0x00007f4607c00000) (1024K)]
  0x00007f469b097880 JavaThread "Unconstrained build operations Thread 79"        [_thread_blocked, id=30018, stack(0x00007f4607a00000,0x00007f4607b00000) (1024K)]
  0x00007f469b098f40 JavaThread "Unconstrained build operations Thread 80"        [_thread_blocked, id=30019, stack(0x00007f4607900000,0x00007f4607a00000) (1024K)]
  0x00007f469b086a30 JavaThread "jar transforms Thread 2"           [_thread_blocked, id=30022, stack(0x00007f4607800000,0x00007f4607900000) (1024K)]
  0x00007f469b499ed0 JavaThread "jar transforms Thread 3"           [_thread_blocked, id=30034, stack(0x00007f4607700000,0x00007f4607800000) (1024K)]
  0x00007f469b4a20f0 JavaThread "jar transforms Thread 4"           [_thread_blocked, id=30035, stack(0x00007f4607600000,0x00007f4607700000) (1024K)]
  0x00007f469b58ab80 JavaThread "jar transforms Thread 5"           [_thread_blocked, id=30051, stack(0x00007f4607500000,0x00007f4607600000) (1024K)]
  0x00007f469b596300 JavaThread "jar transforms Thread 6"           [_thread_blocked, id=30052, stack(0x00007f4607400000,0x00007f4607500000) (1024K)]
  0x00007f469b59e530 JavaThread "jar transforms Thread 7"           [_thread_blocked, id=30053, stack(0x00007f4607300000,0x00007f4607400000) (1024K)]
  0x00007f469b5a56f0 JavaThread "jar transforms Thread 8"           [_thread_blocked, id=30055, stack(0x00007f4607200000,0x00007f4607300000) (1024K)]
  0x00007f46005911e0 JavaThread "pool-3-thread-1"                   [_thread_blocked, id=30111, stack(0x00007f4607100000,0x00007f4607200000) (1024K)]
  0x00007f4600592480 JavaThread "build event listener"              [_thread_blocked, id=30112, stack(0x00007f4607000000,0x00007f4607100000) (1024K)]
  0x00007f4634018530 JavaThread "Cache worker for execution history cache (/home/norbs/StudioProjects/SMS-BASED-FRAUD-DETECTION-/android/.gradle/9.3.1/executionHistory)"        [_thread_blocked, id=30113, stack(0x00007f4606f00000,0x00007f4607000000) (1024K)]
  0x00007f4630036b60 JavaThread "Exec process"                      [_thread_blocked, id=30121, stack(0x00007f4606e00000,0x00007f4606f00000) (1024K)]
  0x00007f468c00c0c0 JavaThread "process reaper (pid 30514)" daemon [_thread_in_native, id=30123, stack(0x00007f4793f87000,0x00007f4793fa9000) (136K)]
  0x00007f468c00d930 JavaThread "Exec process Thread 2"             [_thread_blocked, id=30124, stack(0x00007f4606d00000,0x00007f4606e00000) (1024K)]
  0x00007f468c00f660 JavaThread "Exec process Thread 3"             [_thread_blocked, id=30125, stack(0x00007f4606c00000,0x00007f4606d00000) (1024K)]
  0x00007f46d08d2710 JavaThread "C2 CompilerThread1"         daemon [_thread_blocked, id=30413, stack(0x00007f4606b00000,0x00007f4606c00000) (1024K)]
  0x00007f462c0437e0 JavaThread "WorkerExecutor Queue Thread 2"        [_thread_blocked, id=30415, stack(0x00007f4606a00000,0x00007f4606b00000) (1024K)]
  0x00007f462402e820 JavaThread "WorkerExecutor Queue Thread 3"        [_thread_blocked, id=30431, stack(0x00007f4606900000,0x00007f4606a00000) (1024K)]
  0x00007f4640012330 JavaThread "WorkerExecutor Queue Thread 4"        [_thread_blocked, id=30435, stack(0x00007f4606800000,0x00007f4606900000) (1024K)]
  0x00007f463408f3a0 JavaThread "WorkerExecutor Queue Thread 5"        [_thread_blocked, id=30445, stack(0x00007f4606700000,0x00007f4606800000) (1024K)]
  0x00007f474c008e70 JavaThread "pool-4-thread-2"                   [_thread_blocked, id=30463, stack(0x00007f4606600000,0x00007f4606700000) (1024K)]
  0x00007f46a0051e80 JavaThread "pool-4-thread-3"                   [_thread_blocked, id=30464, stack(0x00007f4606500000,0x00007f4606600000) (1024K)]
  0x00007f46400195c0 JavaThread "pool-4-thread-4"                   [_thread_blocked, id=30465, stack(0x00007f4606400000,0x00007f4606500000) (1024K)]
  0x00007f4754017640 JavaThread "pool-4-thread-6"                   [_thread_blocked, id=30466, stack(0x00007f4606300000,0x00007f4606400000) (1024K)]
  0x00007f46e00f12b0 JavaThread "pool-4-thread-1"                   [_thread_blocked, id=30467, stack(0x00007f4606200000,0x00007f4606300000) (1024K)]
  0x00007f46c400c9d0 JavaThread "pool-4-thread-5"                   [_thread_blocked, id=30468, stack(0x00007f4606100000,0x00007f4606200000) (1024K)]
  0x00007f46cc44a770 JavaThread "pool-4-thread-7"                   [_thread_blocked, id=30469, stack(0x00007f4606000000,0x00007f4606100000) (1024K)]
  0x00007f4640078880 JavaThread "WorkerExecutor Queue Thread 6"        [_thread_in_native, id=30479, stack(0x00007f4605f00000,0x00007f4606000000) (1024K)]
  0x00007f462801fc80 JavaThread "WorkerExecutor Queue Thread 7"        [_thread_blocked, id=30480, stack(0x00007f4605e00000,0x00007f4605f00000) (1024K)]
  0x00007f463003dee0 JavaThread "WorkerExecutor Queue Thread 8"        [_thread_blocked, id=30481, stack(0x00007f4605d00000,0x00007f4605e00000) (1024K)]
  0x00007f46ccb3e510 JavaThread "RMI RenewClean-[127.0.0.1:17794,org.jetbrains.kotlin.daemon.common.LoopbackNetworkInterface$ClientLoopbackSocketFactory@62337473]" daemon [_thread_blocked, id=30568, stack(0x00007f4605c00000,0x00007f4605d00000) (1024K)]
  0x00007f46cca09a00 JavaThread "RMI TCP Accept-0"           daemon [_thread_in_native, id=30572, stack(0x00007f4605b00000,0x00007f4605c00000) (1024K)]
Total: 165

Other Threads:
  0x00007f47940eaae0 VMThread "VM Thread"                           [id=29438, stack(0x00007f47980fa000,0x00007f47981fa000) (1024K)] _threads_hazard_ptr=0x00007f46cca0bcc0
  0x00007f47940d8e00 WatcherThread "VM Periodic Task Thread"        [id=29435, stack(0x00007f47981fb000,0x00007f47982fb000) (1024K)]
  0x00007f4794058900 WorkerThread "GC Thread#0"                     [id=29430, stack(0x00007f4799025000,0x00007f4799125000) (1024K)]
  0x00007f46f8007c80 WorkerThread "GC Thread#1"                     [id=29449, stack(0x00007f4760e00000,0x00007f4760f00000) (1024K)]
  0x00007f46f8008690 WorkerThread "GC Thread#2"                     [id=29450, stack(0x00007f4760cff000,0x00007f4760dff000) (1024K)]
  0x00007f46f80090a0 WorkerThread "GC Thread#3"                     [id=29451, stack(0x00007f4760bfe000,0x00007f4760cfe000) (1024K)]
  0x00007f46f8009f70 WorkerThread "GC Thread#4"                     [id=29452, stack(0x00007f4760afd000,0x00007f4760bfd000) (1024K)]
  0x00007f46f800ae40 WorkerThread "GC Thread#5"                     [id=29453, stack(0x00007f47609fc000,0x00007f4760afc000) (1024K)]
  0x00007f46f800caf0 WorkerThread "GC Thread#6"                     [id=29491, stack(0x00007f4751900000,0x00007f4751a00000) (1024K)]
  0x00007f46f800d290 WorkerThread "GC Thread#7"                     [id=29492, stack(0x00007f47517ff000,0x00007f47518ff000) (1024K)]
  0x00007f4794069e40 ConcurrentGCThread "G1 Main Marker"            [id=29431, stack(0x00007f4798f24000,0x00007f4799024000) (1024K)]
  0x00007f479406ad10 WorkerThread "G1 Conc#0"                       [id=29432, stack(0x00007f4798e23000,0x00007f4798f23000) (1024K)]
  0x00007f4754000d00 WorkerThread "G1 Conc#1"                       [id=29494, stack(0x00007f47516fe000,0x00007f47517fe000) (1024K)]
  0x00007f47940c6130 ConcurrentGCThread "G1 Refine#0"               [id=29433, stack(0x00007f479851a000,0x00007f479861a000) (1024K)]
  0x00007f474c027250 ConcurrentGCThread "G1 Refine#1"               [id=30818, stack(0x00007f4605719000,0x00007f4605819000) (1024K)]
  0x00007f47940c70e0 ConcurrentGCThread "G1 Service"                [id=29434, stack(0x00007f4798419000,0x00007f4798519000) (1024K)]
Total: 16

Threads with active compile tasks:
C2 CompilerThread0  169301 30026       4       com.android.tools.r8.internal.ca2::a (2026 bytes)
C2 CompilerThread1  169301 29603       4       com.android.tools.r8.internal.in1::remove (1719 bytes)
Total: 2

VM state: synchronizing (normal execution)

VM Mutex/Monitor currently owned by a thread:  ([mutex/lock_event])
[0x00007f479b551e30] Threads_lock - owner thread: 0x00007f47940eaae0

Heap address: 0x0000000600000000, size: 8192 MB, Compressed Oops mode: Zero based, Oop shift amount: 3

CDS archive(s) mapped at: [0x00007f4703000000-0x00007f4703ca0000-0x00007f4703ca0000), size 13238272, SharedBaseAddress: 0x00007f4703000000, ArchiveRelocationMode: 1.
Compressed class space mapped at: 0x00007f4704000000-0x00007f4744000000, reserved size: 1073741824
Narrow klass base: 0x00007f4703000000, Narrow klass shift: 0, Narrow klass range: 0x100000000

GC Precious Log:
 CardTable entry size: 512
 Card Set container configuration: InlinePtr #cards 4 size 8 Array Of Cards #cards 32 size 80 Howl #buckets 8 coarsen threshold 7372 Howl Bitmap #cards 1024 size 144 coarsen threshold 921 Card regions per heap region 1 cards per card region 8192
 CPUs: 8 total, 8 available
 Memory: 15749M
 Large Page Support: Disabled
 NUMA Support: Disabled
 Compressed Oops: Enabled (Zero based)
 Heap Region Size: 4M
 Heap Min Capacity: 8M
 Heap Initial Capacity: 248M
 Heap Max Capacity: 8G
 Pre-touch: Disabled
 Parallel Workers: 8
 Concurrent Workers: 2
 Concurrent Refinement Workers: 8
 Periodic GC: Disabled

Heap:
 garbage-first heap   total 1245184K, used 994242K [0x0000000600000000, 0x0000000800000000)
  region size 4096K, 158 young (647168K), 7 survivors (28672K)
 Metaspace       used 171531K, committed 174464K, reserved 1245184K
  class space    used 23312K, committed 24768K, reserved 1048576K

Heap Regions: E=young(eden), S=young(survivor), O=old, HS=humongous(starts), HC=humongous(continues), CS=collection set, F=free, TAMS=top-at-mark-start, PB=parsable bottom
|   0|0x0000000600000000, 0x0000000600400000, 0x0000000600400000|100%|HS|  |TAMS 0x0000000600000000| PB 0x0000000600000000| Complete 
|   1|0x0000000600400000, 0x0000000600800000, 0x0000000600800000|100%| O|  |TAMS 0x0000000600400000| PB 0x0000000600400000| Untracked 
|   2|0x0000000600800000, 0x0000000600c00000, 0x0000000600c00000|100%| O|  |TAMS 0x0000000600800000| PB 0x0000000600800000| Untracked 
|   3|0x0000000600c00000, 0x0000000601000000, 0x0000000601000000|100%| O|  |TAMS 0x0000000600c00000| PB 0x0000000600c00000| Untracked 
|   4|0x0000000601000000, 0x0000000601400000, 0x0000000601400000|100%| O|  |TAMS 0x0000000601000000| PB 0x0000000601000000| Untracked 
|   5|0x0000000601400000, 0x0000000601800000, 0x0000000601800000|100%| O|  |TAMS 0x0000000601400000| PB 0x0000000601400000| Untracked 
|   6|0x0000000601800000, 0x0000000601c00000, 0x0000000601c00000|100%| O|  |TAMS 0x0000000601800000| PB 0x0000000601800000| Untracked 
|   7|0x0000000601c00000, 0x0000000602000000, 0x0000000602000000|100%| O|  |TAMS 0x0000000601c00000| PB 0x0000000601c00000| Untracked 
|   8|0x0000000602000000, 0x0000000602400000, 0x0000000602400000|100%| O|  |TAMS 0x0000000602000000| PB 0x0000000602000000| Untracked 
|   9|0x0000000602400000, 0x0000000602800000, 0x0000000602800000|100%| O|  |TAMS 0x0000000602400000| PB 0x0000000602400000| Untracked 
|  10|0x0000000602800000, 0x0000000602c00000, 0x0000000602c00000|100%| O|  |TAMS 0x0000000602800000| PB 0x0000000602800000| Untracked 
|  11|0x0000000602c00000, 0x0000000603000000, 0x0000000603000000|100%| O|  |TAMS 0x0000000602c00000| PB 0x0000000602c00000| Untracked 
|  12|0x0000000603000000, 0x0000000603400000, 0x0000000603400000|100%| O|  |TAMS 0x0000000603000000| PB 0x0000000603000000| Untracked 
|  13|0x0000000603400000, 0x0000000603800000, 0x0000000603800000|100%| O|  |TAMS 0x0000000603400000| PB 0x0000000603400000| Untracked 
|  14|0x0000000603800000, 0x0000000603c00000, 0x0000000603c00000|100%| O|  |TAMS 0x0000000603800000| PB 0x0000000603800000| Untracked 
|  15|0x0000000603c00000, 0x0000000604000000, 0x0000000604000000|100%| O|  |TAMS 0x0000000603c00000| PB 0x0000000603c00000| Untracked 
|  16|0x0000000604000000, 0x0000000604400000, 0x0000000604400000|100%| O|  |TAMS 0x0000000604000000| PB 0x0000000604000000| Untracked 
|  17|0x0000000604400000, 0x0000000604800000, 0x0000000604800000|100%| O|  |TAMS 0x0000000604400000| PB 0x0000000604400000| Untracked 
|  18|0x0000000604800000, 0x0000000604c00000, 0x0000000604c00000|100%| O|  |TAMS 0x0000000604800000| PB 0x0000000604800000| Untracked 
|  19|0x0000000604c00000, 0x0000000605000000, 0x0000000605000000|100%| O|  |TAMS 0x0000000604c00000| PB 0x0000000604c00000| Untracked 
|  20|0x0000000605000000, 0x0000000605400000, 0x0000000605400000|100%| O|  |TAMS 0x0000000605000000| PB 0x0000000605000000| Untracked 
|  21|0x0000000605400000, 0x0000000605800000, 0x0000000605800000|100%| O|  |TAMS 0x0000000605400000| PB 0x0000000605400000| Untracked 
|  22|0x0000000605800000, 0x0000000605c00000, 0x0000000605c00000|100%| O|  |TAMS 0x0000000605800000| PB 0x0000000605800000| Untracked 
|  23|0x0000000605c00000, 0x0000000606000000, 0x0000000606000000|100%| O|  |TAMS 0x0000000605c00000| PB 0x0000000605c00000| Untracked 
|  24|0x0000000606000000, 0x0000000606400000, 0x0000000606400000|100%| O|  |TAMS 0x0000000606000000| PB 0x0000000606000000| Untracked 
|  25|0x0000000606400000, 0x0000000606800000, 0x0000000606800000|100%| O|  |TAMS 0x0000000606400000| PB 0x0000000606400000| Untracked 
|  26|0x0000000606800000, 0x0000000606c00000, 0x0000000606c00000|100%| O|  |TAMS 0x0000000606800000| PB 0x0000000606800000| Untracked 
|  27|0x0000000606c00000, 0x0000000607000000, 0x0000000607000000|100%| O|  |TAMS 0x0000000606c00000| PB 0x0000000606c00000| Untracked 
|  28|0x0000000607000000, 0x0000000607400000, 0x0000000607400000|100%| O|  |TAMS 0x0000000607000000| PB 0x0000000607000000| Untracked 
|  29|0x0000000607400000, 0x0000000607800000, 0x0000000607800000|100%| O|  |TAMS 0x0000000607400000| PB 0x0000000607400000| Untracked 
|  30|0x0000000607800000, 0x0000000607c00000, 0x0000000607c00000|100%| O|  |TAMS 0x0000000607800000| PB 0x0000000607800000| Untracked 
|  31|0x0000000607c00000, 0x0000000608000000, 0x0000000608000000|100%| O|  |TAMS 0x0000000607c00000| PB 0x0000000607c00000| Untracked 
|  32|0x0000000608000000, 0x0000000608400000, 0x0000000608400000|100%| O|  |TAMS 0x0000000608000000| PB 0x0000000608000000| Untracked 
|  33|0x0000000608400000, 0x0000000608800000, 0x0000000608800000|100%|HS|  |TAMS 0x0000000608400000| PB 0x0000000608400000| Complete 
|  34|0x0000000608800000, 0x0000000608c00000, 0x0000000608c00000|100%|HS|  |TAMS 0x0000000608800000| PB 0x0000000608800000| Complete 
|  35|0x0000000608c00000, 0x0000000609000000, 0x0000000609000000|100%| O|  |TAMS 0x0000000608c00000| PB 0x0000000608c00000| Untracked 
|  36|0x0000000609000000, 0x0000000609400000, 0x0000000609400000|100%| O|  |TAMS 0x0000000609000000| PB 0x0000000609000000| Untracked 
|  37|0x0000000609400000, 0x0000000609800000, 0x0000000609800000|100%| O|  |TAMS 0x0000000609400000| PB 0x0000000609400000| Untracked 
|  38|0x0000000609800000, 0x0000000609c00000, 0x0000000609c00000|100%| O|  |TAMS 0x0000000609800000| PB 0x0000000609800000| Untracked 
|  39|0x0000000609c00000, 0x000000060a000000, 0x000000060a000000|100%| O|  |TAMS 0x0000000609c00000| PB 0x0000000609c00000| Untracked 
|  40|0x000000060a000000, 0x000000060a400000, 0x000000060a400000|100%| O|  |TAMS 0x000000060a000000| PB 0x000000060a000000| Untracked 
|  41|0x000000060a400000, 0x000000060a800000, 0x000000060a800000|100%| O|  |TAMS 0x000000060a400000| PB 0x000000060a400000| Untracked 
|  42|0x000000060a800000, 0x000000060ac00000, 0x000000060ac00000|100%| O|  |TAMS 0x000000060a800000| PB 0x000000060a800000| Untracked 
|  43|0x000000060ac00000, 0x000000060b000000, 0x000000060b000000|100%| O|  |TAMS 0x000000060ac00000| PB 0x000000060ac00000| Untracked 
|  44|0x000000060b000000, 0x000000060b400000, 0x000000060b400000|100%| O|  |TAMS 0x000000060b000000| PB 0x000000060b000000| Untracked 
|  45|0x000000060b400000, 0x000000060b800000, 0x000000060b800000|100%| O|  |TAMS 0x000000060b400000| PB 0x000000060b400000| Untracked 
|  46|0x000000060b800000, 0x000000060bc00000, 0x000000060bc00000|100%| O|  |TAMS 0x000000060b800000| PB 0x000000060b800000| Untracked 
|  47|0x000000060bc00000, 0x000000060c000000, 0x000000060c000000|100%| O|  |TAMS 0x000000060bc00000| PB 0x000000060bc00000| Untracked 
|  48|0x000000060c000000, 0x000000060c400000, 0x000000060c400000|100%| O|  |TAMS 0x000000060c000000| PB 0x000000060c000000| Untracked 
|  49|0x000000060c400000, 0x000000060c800000, 0x000000060c800000|100%| O|  |TAMS 0x000000060c400000| PB 0x000000060c400000| Untracked 
|  50|0x000000060c800000, 0x000000060cc00000, 0x000000060cc00000|100%| O|  |TAMS 0x000000060c800000| PB 0x000000060c800000| Untracked 
|  51|0x000000060cc00000, 0x000000060d000000, 0x000000060d000000|100%| O|  |TAMS 0x000000060cc00000| PB 0x000000060cc00000| Untracked 
|  52|0x000000060d000000, 0x000000060d400000, 0x000000060d400000|100%| O|  |TAMS 0x000000060d000000| PB 0x000000060d000000| Untracked 
|  53|0x000000060d400000, 0x000000060d800000, 0x000000060d800000|100%| O|  |TAMS 0x000000060d400000| PB 0x000000060d400000| Untracked 
|  54|0x000000060d800000, 0x000000060dc00000, 0x000000060dc00000|100%| O|  |TAMS 0x000000060d800000| PB 0x000000060d800000| Untracked 
|  55|0x000000060dc00000, 0x000000060e000000, 0x000000060e000000|100%| O|  |TAMS 0x000000060dc00000| PB 0x000000060dc00000| Untracked 
|  56|0x000000060e000000, 0x000000060e000000, 0x000000060e400000|  0%| F|  |TAMS 0x000000060e000000| PB 0x000000060e000000| Untracked 
|  57|0x000000060e400000, 0x000000060e800000, 0x000000060e800000|100%| O|  |TAMS 0x000000060e400000| PB 0x000000060e400000| Untracked 
|  58|0x000000060e800000, 0x000000060ec00000, 0x000000060ec00000|100%| O|  |TAMS 0x000000060e800000| PB 0x000000060e800000| Untracked 
|  59|0x000000060ec00000, 0x000000060f000000, 0x000000060f000000|100%| O|  |TAMS 0x000000060ec00000| PB 0x000000060ec00000| Untracked 
|  60|0x000000060f000000, 0x000000060f400000, 0x000000060f400000|100%| O|  |TAMS 0x000000060f000000| PB 0x000000060f000000| Untracked 
|  61|0x000000060f400000, 0x000000060f800000, 0x000000060f800000|100%| O|  |TAMS 0x000000060f400000| PB 0x000000060f400000| Untracked 
|  62|0x000000060f800000, 0x000000060fc00000, 0x000000060fc00000|100%| O|  |TAMS 0x000000060f800000| PB 0x000000060f800000| Untracked 
|  63|0x000000060fc00000, 0x0000000610000000, 0x0000000610000000|100%| O|  |TAMS 0x000000060fc00000| PB 0x000000060fc00000| Untracked 
|  64|0x0000000610000000, 0x0000000610400000, 0x0000000610400000|100%| O|  |TAMS 0x0000000610000000| PB 0x0000000610000000| Untracked 
|  65|0x0000000610400000, 0x0000000610800000, 0x0000000610800000|100%| O|  |TAMS 0x0000000610400000| PB 0x0000000610400000| Untracked 
|  66|0x0000000610800000, 0x0000000610c00000, 0x0000000610c00000|100%| O|  |TAMS 0x0000000610800000| PB 0x0000000610800000| Untracked 
|  67|0x0000000610c00000, 0x0000000611000000, 0x0000000611000000|100%| O|  |TAMS 0x0000000610c00000| PB 0x0000000610c00000| Untracked 
|  68|0x0000000611000000, 0x0000000611400000, 0x0000000611400000|100%| O|  |TAMS 0x0000000611000000| PB 0x0000000611000000| Untracked 
|  69|0x0000000611400000, 0x0000000611800000, 0x0000000611800000|100%| O|  |TAMS 0x0000000611400000| PB 0x0000000611400000| Untracked 
|  70|0x0000000611800000, 0x0000000611c00000, 0x0000000611c00000|100%| O|  |TAMS 0x0000000611800000| PB 0x0000000611800000| Untracked 
|  71|0x0000000611c00000, 0x0000000612000000, 0x0000000612000000|100%| O|  |TAMS 0x0000000611c00000| PB 0x0000000611c00000| Untracked 
|  72|0x0000000612000000, 0x0000000612000000, 0x0000000612400000|  0%| F|  |TAMS 0x0000000612000000| PB 0x0000000612000000| Untracked 
|  73|0x0000000612400000, 0x0000000612800000, 0x0000000612800000|100%| O|  |TAMS 0x0000000612400000| PB 0x0000000612400000| Untracked 
|  74|0x0000000612800000, 0x0000000612c00000, 0x0000000612c00000|100%| O|  |TAMS 0x0000000612800000| PB 0x0000000612800000| Untracked 
|  75|0x0000000612c00000, 0x0000000613000000, 0x0000000613000000|100%| O|  |TAMS 0x0000000612c00000| PB 0x0000000612c00000| Untracked 
|  76|0x0000000613000000, 0x0000000613400000, 0x0000000613400000|100%| O|  |TAMS 0x0000000613000000| PB 0x0000000613000000| Untracked 
|  77|0x0000000613400000, 0x0000000613800000, 0x0000000613800000|100%| O|  |TAMS 0x0000000613400000| PB 0x0000000613400000| Untracked 
|  78|0x0000000613800000, 0x0000000613c00000, 0x0000000613c00000|100%| O|  |TAMS 0x0000000613800000| PB 0x0000000613800000| Untracked 
|  79|0x0000000613c00000, 0x0000000614000000, 0x0000000614000000|100%| O|  |TAMS 0x0000000613c00000| PB 0x0000000613c00000| Untracked 
|  80|0x0000000614000000, 0x0000000614400000, 0x0000000614400000|100%| O|  |TAMS 0x0000000614000000| PB 0x0000000614000000| Untracked 
|  81|0x0000000614400000, 0x0000000614400000, 0x0000000614800000|  0%| F|  |TAMS 0x0000000614400000| PB 0x0000000614400000| Untracked 
|  82|0x0000000614800000, 0x0000000614c00000, 0x0000000614c00000|100%| O|  |TAMS 0x0000000614800000| PB 0x0000000614800000| Untracked 
|  83|0x0000000614c00000, 0x0000000615000000, 0x0000000615000000|100%| O|  |TAMS 0x0000000614c00000| PB 0x0000000614c00000| Untracked 
|  84|0x0000000615000000, 0x0000000615400000, 0x0000000615400000|100%| O|  |TAMS 0x0000000615000000| PB 0x0000000615000000| Untracked 
|  85|0x0000000615400000, 0x00000006156f0948, 0x0000000615800000| 73%| O|  |TAMS 0x0000000615400000| PB 0x0000000615400000| Untracked 
|  86|0x0000000615800000, 0x0000000615800000, 0x0000000615c00000|  0%| F|  |TAMS 0x0000000615800000| PB 0x0000000615800000| Untracked 
|  87|0x0000000615c00000, 0x0000000615c00000, 0x0000000616000000|  0%| F|  |TAMS 0x0000000615c00000| PB 0x0000000615c00000| Untracked 
|  88|0x0000000616000000, 0x0000000616000000, 0x0000000616400000|  0%| F|  |TAMS 0x0000000616000000| PB 0x0000000616000000| Untracked 
|  89|0x0000000616400000, 0x0000000616400000, 0x0000000616800000|  0%| F|  |TAMS 0x0000000616400000| PB 0x0000000616400000| Untracked 
|  90|0x0000000616800000, 0x0000000616800000, 0x0000000616c00000|  0%| F|  |TAMS 0x0000000616800000| PB 0x0000000616800000| Untracked 
|  91|0x0000000616c00000, 0x0000000616c00000, 0x0000000617000000|  0%| F|  |TAMS 0x0000000616c00000| PB 0x0000000616c00000| Untracked 
|  92|0x0000000617000000, 0x0000000617000000, 0x0000000617400000|  0%| F|  |TAMS 0x0000000617000000| PB 0x0000000617000000| Untracked 
|  93|0x0000000617400000, 0x0000000617400000, 0x0000000617800000|  0%| F|  |TAMS 0x0000000617400000| PB 0x0000000617400000| Untracked 
|  94|0x0000000617800000, 0x0000000617800000, 0x0000000617c00000|  0%| F|  |TAMS 0x0000000617800000| PB 0x0000000617800000| Untracked 
|  95|0x0000000617c00000, 0x0000000617c00000, 0x0000000618000000|  0%| F|  |TAMS 0x0000000617c00000| PB 0x0000000617c00000| Untracked 
|  96|0x0000000618000000, 0x0000000618000000, 0x0000000618400000|  0%| F|  |TAMS 0x0000000618000000| PB 0x0000000618000000| Untracked 
|  97|0x0000000618400000, 0x0000000618400000, 0x0000000618800000|  0%| F|  |TAMS 0x0000000618400000| PB 0x0000000618400000| Untracked 
|  98|0x0000000618800000, 0x0000000618800000, 0x0000000618c00000|  0%| F|  |TAMS 0x0000000618800000| PB 0x0000000618800000| Untracked 
|  99|0x0000000618c00000, 0x0000000618c00000, 0x0000000619000000|  0%| F|  |TAMS 0x0000000618c00000| PB 0x0000000618c00000| Untracked 
| 100|0x0000000619000000, 0x0000000619000000, 0x0000000619400000|  0%| F|  |TAMS 0x0000000619000000| PB 0x0000000619000000| Untracked 
| 101|0x0000000619400000, 0x0000000619400000, 0x0000000619800000|  0%| F|  |TAMS 0x0000000619400000| PB 0x0000000619400000| Untracked 
| 102|0x0000000619800000, 0x0000000619800000, 0x0000000619c00000|  0%| F|  |TAMS 0x0000000619800000| PB 0x0000000619800000| Untracked 
| 103|0x0000000619c00000, 0x0000000619c00000, 0x000000061a000000|  0%| F|  |TAMS 0x0000000619c00000| PB 0x0000000619c00000| Untracked 
| 104|0x000000061a000000, 0x000000061a000000, 0x000000061a400000|  0%| F|  |TAMS 0x000000061a000000| PB 0x000000061a000000| Untracked 
| 105|0x000000061a400000, 0x000000061a400000, 0x000000061a800000|  0%| F|  |TAMS 0x000000061a400000| PB 0x000000061a400000| Untracked 
| 106|0x000000061a800000, 0x000000061a800000, 0x000000061ac00000|  0%| F|  |TAMS 0x000000061a800000| PB 0x000000061a800000| Untracked 
| 107|0x000000061ac00000, 0x000000061ac00000, 0x000000061b000000|  0%| F|  |TAMS 0x000000061ac00000| PB 0x000000061ac00000| Untracked 
| 108|0x000000061b000000, 0x000000061b000000, 0x000000061b400000|  0%| F|  |TAMS 0x000000061b000000| PB 0x000000061b000000| Untracked 
| 109|0x000000061b400000, 0x000000061b400000, 0x000000061b800000|  0%| F|  |TAMS 0x000000061b400000| PB 0x000000061b400000| Untracked 
| 110|0x000000061b800000, 0x000000061b800000, 0x000000061bc00000|  0%| F|  |TAMS 0x000000061b800000| PB 0x000000061b800000| Untracked 
| 111|0x000000061bc00000, 0x000000061bc00000, 0x000000061c000000|  0%| F|  |TAMS 0x000000061bc00000| PB 0x000000061bc00000| Untracked 
| 112|0x000000061c000000, 0x000000061c000000, 0x000000061c400000|  0%| F|  |TAMS 0x000000061c000000| PB 0x000000061c000000| Untracked 
| 113|0x000000061c400000, 0x000000061c400000, 0x000000061c800000|  0%| F|  |TAMS 0x000000061c400000| PB 0x000000061c400000| Untracked 
| 114|0x000000061c800000, 0x000000061c800000, 0x000000061cc00000|  0%| F|  |TAMS 0x000000061c800000| PB 0x000000061c800000| Untracked 
| 115|0x000000061cc00000, 0x000000061cc00000, 0x000000061d000000|  0%| F|  |TAMS 0x000000061cc00000| PB 0x000000061cc00000| Untracked 
| 116|0x000000061d000000, 0x000000061d000000, 0x000000061d400000|  0%| F|  |TAMS 0x000000061d000000| PB 0x000000061d000000| Untracked 
| 117|0x000000061d400000, 0x000000061d400000, 0x000000061d800000|  0%| F|  |TAMS 0x000000061d400000| PB 0x000000061d400000| Untracked 
| 118|0x000000061d800000, 0x000000061d800000, 0x000000061dc00000|  0%| F|  |TAMS 0x000000061d800000| PB 0x000000061d800000| Untracked 
| 119|0x000000061dc00000, 0x000000061dc00000, 0x000000061e000000|  0%| F|  |TAMS 0x000000061dc00000| PB 0x000000061dc00000| Untracked 
| 120|0x000000061e000000, 0x000000061e000000, 0x000000061e400000|  0%| F|  |TAMS 0x000000061e000000| PB 0x000000061e000000| Untracked 
| 121|0x000000061e400000, 0x000000061e400000, 0x000000061e800000|  0%| F|  |TAMS 0x000000061e400000| PB 0x000000061e400000| Untracked 
| 122|0x000000061e800000, 0x000000061e800000, 0x000000061ec00000|  0%| F|  |TAMS 0x000000061e800000| PB 0x000000061e800000| Untracked 
| 123|0x000000061ec00000, 0x000000061ec00000, 0x000000061f000000|  0%| F|  |TAMS 0x000000061ec00000| PB 0x000000061ec00000| Untracked 
| 124|0x000000061f000000, 0x000000061f000000, 0x000000061f400000|  0%| F|  |TAMS 0x000000061f000000| PB 0x000000061f000000| Untracked 
| 125|0x000000061f400000, 0x000000061f400000, 0x000000061f800000|  0%| F|  |TAMS 0x000000061f400000| PB 0x000000061f400000| Untracked 
| 126|0x000000061f800000, 0x000000061f800000, 0x000000061fc00000|  0%| F|  |TAMS 0x000000061f800000| PB 0x000000061f800000| Untracked 
| 127|0x000000061fc00000, 0x000000061fc00000, 0x0000000620000000|  0%| F|  |TAMS 0x000000061fc00000| PB 0x000000061fc00000| Untracked 
| 128|0x0000000620000000, 0x0000000620000000, 0x0000000620400000|  0%| F|  |TAMS 0x0000000620000000| PB 0x0000000620000000| Untracked 
| 129|0x0000000620400000, 0x0000000620400000, 0x0000000620800000|  0%| F|  |TAMS 0x0000000620400000| PB 0x0000000620400000| Untracked 
| 130|0x0000000620800000, 0x0000000620800000, 0x0000000620c00000|  0%| F|  |TAMS 0x0000000620800000| PB 0x0000000620800000| Untracked 
| 131|0x0000000620c00000, 0x0000000620c00000, 0x0000000621000000|  0%| F|  |TAMS 0x0000000620c00000| PB 0x0000000620c00000| Untracked 
| 132|0x0000000621000000, 0x0000000621400000, 0x0000000621400000|100%| S|CS|TAMS 0x0000000621000000| PB 0x0000000621000000| Complete 
| 133|0x0000000621400000, 0x0000000621800000, 0x0000000621800000|100%| S|CS|TAMS 0x0000000621400000| PB 0x0000000621400000| Complete 
| 134|0x0000000621800000, 0x0000000621c00000, 0x0000000621c00000|100%| S|CS|TAMS 0x0000000621800000| PB 0x0000000621800000| Complete 
| 135|0x0000000621c00000, 0x0000000621c00000, 0x0000000622000000|  0%| F|  |TAMS 0x0000000621c00000| PB 0x0000000621c00000| Untracked 
| 136|0x0000000622000000, 0x0000000622000000, 0x0000000622400000|  0%| F|  |TAMS 0x0000000622000000| PB 0x0000000622000000| Untracked 
| 137|0x0000000622400000, 0x0000000622400000, 0x0000000622800000|  0%| F|  |TAMS 0x0000000622400000| PB 0x0000000622400000| Untracked 
| 138|0x0000000622800000, 0x0000000622800000, 0x0000000622c00000|  0%| F|  |TAMS 0x0000000622800000| PB 0x0000000622800000| Untracked 
| 139|0x0000000622c00000, 0x0000000622c00000, 0x0000000623000000|  0%| F|  |TAMS 0x0000000622c00000| PB 0x0000000622c00000| Untracked 
| 140|0x0000000623000000, 0x0000000623000000, 0x0000000623400000|  0%| F|  |TAMS 0x0000000623000000| PB 0x0000000623000000| Untracked 
| 141|0x0000000623400000, 0x0000000623800000, 0x0000000623800000|100%| S|CS|TAMS 0x0000000623400000| PB 0x0000000623400000| Complete 
| 142|0x0000000623800000, 0x0000000623c00000, 0x0000000623c00000|100%| S|CS|TAMS 0x0000000623800000| PB 0x0000000623800000| Complete 
| 143|0x0000000623c00000, 0x0000000624000000, 0x0000000624000000|100%| S|CS|TAMS 0x0000000623c00000| PB 0x0000000623c00000| Complete 
| 144|0x0000000624000000, 0x0000000624400000, 0x0000000624400000|100%| S|CS|TAMS 0x0000000624000000| PB 0x0000000624000000| Complete 
| 145|0x0000000624400000, 0x0000000624400000, 0x0000000624800000|  0%| F|  |TAMS 0x0000000624400000| PB 0x0000000624400000| Untracked 
| 146|0x0000000624800000, 0x0000000624800000, 0x0000000624c00000|  0%| F|  |TAMS 0x0000000624800000| PB 0x0000000624800000| Untracked 
| 147|0x0000000624c00000, 0x0000000624c00000, 0x0000000625000000|  0%| F|  |TAMS 0x0000000624c00000| PB 0x0000000624c00000| Untracked 
| 148|0x0000000625000000, 0x0000000625000000, 0x0000000625400000|  0%| F|  |TAMS 0x0000000625000000| PB 0x0000000625000000| Untracked 
| 149|0x0000000625400000, 0x0000000625400000, 0x0000000625800000|  0%| F|  |TAMS 0x0000000625400000| PB 0x0000000625400000| Untracked 
| 150|0x0000000625800000, 0x0000000625a00000, 0x0000000625c00000| 50%| E|  |TAMS 0x0000000625800000| PB 0x0000000625800000| Complete 
| 151|0x0000000625c00000, 0x0000000626000000, 0x0000000626000000|100%| E|CS|TAMS 0x0000000625c00000| PB 0x0000000625c00000| Complete 
| 152|0x0000000626000000, 0x0000000626400000, 0x0000000626400000|100%| E|CS|TAMS 0x0000000626000000| PB 0x0000000626000000| Complete 
| 153|0x0000000626400000, 0x0000000626800000, 0x0000000626800000|100%| E|CS|TAMS 0x0000000626400000| PB 0x0000000626400000| Complete 
| 154|0x0000000626800000, 0x0000000626c00000, 0x0000000626c00000|100%| E|CS|TAMS 0x0000000626800000| PB 0x0000000626800000| Complete 
| 155|0x0000000626c00000, 0x0000000627000000, 0x0000000627000000|100%| E|CS|TAMS 0x0000000626c00000| PB 0x0000000626c00000| Complete 
| 156|0x0000000627000000, 0x0000000627400000, 0x0000000627400000|100%| E|CS|TAMS 0x0000000627000000| PB 0x0000000627000000| Complete 
| 157|0x0000000627400000, 0x0000000627800000, 0x0000000627800000|100%| E|CS|TAMS 0x0000000627400000| PB 0x0000000627400000| Complete 
| 158|0x0000000627800000, 0x0000000627c00000, 0x0000000627c00000|100%| E|CS|TAMS 0x0000000627800000| PB 0x0000000627800000| Complete 
| 159|0x0000000627c00000, 0x0000000628000000, 0x0000000628000000|100%| E|CS|TAMS 0x0000000627c00000| PB 0x0000000627c00000| Complete 
| 160|0x0000000628000000, 0x0000000628400000, 0x0000000628400000|100%| E|CS|TAMS 0x0000000628000000| PB 0x0000000628000000| Complete 
| 161|0x0000000628400000, 0x0000000628800000, 0x0000000628800000|100%| E|CS|TAMS 0x0000000628400000| PB 0x0000000628400000| Complete 
| 162|0x0000000628800000, 0x0000000628c00000, 0x0000000628c00000|100%| E|CS|TAMS 0x0000000628800000| PB 0x0000000628800000| Complete 
| 163|0x0000000628c00000, 0x0000000629000000, 0x0000000629000000|100%| E|CS|TAMS 0x0000000628c00000| PB 0x0000000628c00000| Complete 
| 164|0x0000000629000000, 0x0000000629400000, 0x0000000629400000|100%| E|CS|TAMS 0x0000000629000000| PB 0x0000000629000000| Complete 
| 165|0x0000000629400000, 0x0000000629800000, 0x0000000629800000|100%| E|CS|TAMS 0x0000000629400000| PB 0x0000000629400000| Complete 
| 166|0x0000000629800000, 0x0000000629c00000, 0x0000000629c00000|100%| E|CS|TAMS 0x0000000629800000| PB 0x0000000629800000| Complete 
| 167|0x0000000629c00000, 0x000000062a000000, 0x000000062a000000|100%| E|CS|TAMS 0x0000000629c00000| PB 0x0000000629c00000| Complete 
| 168|0x000000062a000000, 0x000000062a400000, 0x000000062a400000|100%| E|CS|TAMS 0x000000062a000000| PB 0x000000062a000000| Complete 
| 169|0x000000062a400000, 0x000000062a800000, 0x000000062a800000|100%| E|CS|TAMS 0x000000062a400000| PB 0x000000062a400000| Complete 
| 170|0x000000062a800000, 0x000000062ac00000, 0x000000062ac00000|100%| E|CS|TAMS 0x000000062a800000| PB 0x000000062a800000| Complete 
| 171|0x000000062ac00000, 0x000000062b000000, 0x000000062b000000|100%| E|CS|TAMS 0x000000062ac00000| PB 0x000000062ac00000| Complete 
| 172|0x000000062b000000, 0x000000062b400000, 0x000000062b400000|100%| E|CS|TAMS 0x000000062b000000| PB 0x000000062b000000| Complete 
| 173|0x000000062b400000, 0x000000062b800000, 0x000000062b800000|100%| E|CS|TAMS 0x000000062b400000| PB 0x000000062b400000| Complete 
| 174|0x000000062b800000, 0x000000062bc00000, 0x000000062bc00000|100%| E|CS|TAMS 0x000000062b800000| PB 0x000000062b800000| Complete 
| 175|0x000000062bc00000, 0x000000062c000000, 0x000000062c000000|100%| E|CS|TAMS 0x000000062bc00000| PB 0x000000062bc00000| Complete 
| 176|0x000000062c000000, 0x000000062c400000, 0x000000062c400000|100%| E|CS|TAMS 0x000000062c000000| PB 0x000000062c000000| Complete 
| 177|0x000000062c400000, 0x000000062c800000, 0x000000062c800000|100%| E|CS|TAMS 0x000000062c400000| PB 0x000000062c400000| Complete 
| 178|0x000000062c800000, 0x000000062cc00000, 0x000000062cc00000|100%| E|CS|TAMS 0x000000062c800000| PB 0x000000062c800000| Complete 
| 179|0x000000062cc00000, 0x000000062d000000, 0x000000062d000000|100%| E|CS|TAMS 0x000000062cc00000| PB 0x000000062cc00000| Complete 
| 180|0x000000062d000000, 0x000000062d400000, 0x000000062d400000|100%| E|CS|TAMS 0x000000062d000000| PB 0x000000062d000000| Complete 
| 181|0x000000062d400000, 0x000000062d800000, 0x000000062d800000|100%| E|CS|TAMS 0x000000062d400000| PB 0x000000062d400000| Complete 
| 182|0x000000062d800000, 0x000000062dc00000, 0x000000062dc00000|100%| E|CS|TAMS 0x000000062d800000| PB 0x000000062d800000| Complete 
| 183|0x000000062dc00000, 0x000000062e000000, 0x000000062e000000|100%| E|CS|TAMS 0x000000062dc00000| PB 0x000000062dc00000| Complete 
| 184|0x000000062e000000, 0x000000062e400000, 0x000000062e400000|100%| E|CS|TAMS 0x000000062e000000| PB 0x000000062e000000| Complete 
| 185|0x000000062e400000, 0x000000062e800000, 0x000000062e800000|100%| E|CS|TAMS 0x000000062e400000| PB 0x000000062e400000| Complete 
| 186|0x000000062e800000, 0x000000062ec00000, 0x000000062ec00000|100%| E|CS|TAMS 0x000000062e800000| PB 0x000000062e800000| Complete 
| 187|0x000000062ec00000, 0x000000062f000000, 0x000000062f000000|100%| E|CS|TAMS 0x000000062ec00000| PB 0x000000062ec00000| Complete 
| 188|0x000000062f000000, 0x000000062f400000, 0x000000062f400000|100%| E|CS|TAMS 0x000000062f000000| PB 0x000000062f000000| Complete 
| 189|0x000000062f400000, 0x000000062f800000, 0x000000062f800000|100%| E|CS|TAMS 0x000000062f400000| PB 0x000000062f400000| Complete 
| 190|0x000000062f800000, 0x000000062fc00000, 0x000000062fc00000|100%| E|CS|TAMS 0x000000062f800000| PB 0x000000062f800000| Complete 
| 191|0x000000062fc00000, 0x0000000630000000, 0x0000000630000000|100%| E|CS|TAMS 0x000000062fc00000| PB 0x000000062fc00000| Complete 
| 192|0x0000000630000000, 0x0000000630400000, 0x0000000630400000|100%| E|CS|TAMS 0x0000000630000000| PB 0x0000000630000000| Complete 
| 193|0x0000000630400000, 0x0000000630800000, 0x0000000630800000|100%| E|CS|TAMS 0x0000000630400000| PB 0x0000000630400000| Complete 
| 194|0x0000000630800000, 0x0000000630c00000, 0x0000000630c00000|100%| E|CS|TAMS 0x0000000630800000| PB 0x0000000630800000| Complete 
| 195|0x0000000630c00000, 0x0000000631000000, 0x0000000631000000|100%| E|CS|TAMS 0x0000000630c00000| PB 0x0000000630c00000| Complete 
| 196|0x0000000631000000, 0x0000000631400000, 0x0000000631400000|100%| E|CS|TAMS 0x0000000631000000| PB 0x0000000631000000| Complete 
| 197|0x0000000631400000, 0x0000000631800000, 0x0000000631800000|100%| E|CS|TAMS 0x0000000631400000| PB 0x0000000631400000| Complete 
| 198|0x0000000631800000, 0x0000000631c00000, 0x0000000631c00000|100%| E|CS|TAMS 0x0000000631800000| PB 0x0000000631800000| Complete 
| 199|0x0000000631c00000, 0x0000000632000000, 0x0000000632000000|100%| E|CS|TAMS 0x0000000631c00000| PB 0x0000000631c00000| Complete 
| 200|0x0000000632000000, 0x0000000632400000, 0x0000000632400000|100%| E|CS|TAMS 0x0000000632000000| PB 0x0000000632000000| Complete 
| 201|0x0000000632400000, 0x0000000632800000, 0x0000000632800000|100%| E|CS|TAMS 0x0000000632400000| PB 0x0000000632400000| Complete 
| 202|0x0000000632800000, 0x0000000632c00000, 0x0000000632c00000|100%| E|CS|TAMS 0x0000000632800000| PB 0x0000000632800000| Complete 
| 203|0x0000000632c00000, 0x0000000633000000, 0x0000000633000000|100%| E|CS|TAMS 0x0000000632c00000| PB 0x0000000632c00000| Complete 
| 204|0x0000000633000000, 0x0000000633400000, 0x0000000633400000|100%| E|CS|TAMS 0x0000000633000000| PB 0x0000000633000000| Complete 
| 205|0x0000000633400000, 0x0000000633800000, 0x0000000633800000|100%| E|CS|TAMS 0x0000000633400000| PB 0x0000000633400000| Complete 
| 206|0x0000000633800000, 0x0000000633c00000, 0x0000000633c00000|100%| E|CS|TAMS 0x0000000633800000| PB 0x0000000633800000| Complete 
| 207|0x0000000633c00000, 0x0000000634000000, 0x0000000634000000|100%| E|CS|TAMS 0x0000000633c00000| PB 0x0000000633c00000| Complete 
| 208|0x0000000634000000, 0x0000000634400000, 0x0000000634400000|100%| E|CS|TAMS 0x0000000634000000| PB 0x0000000634000000| Complete 
| 209|0x0000000634400000, 0x0000000634800000, 0x0000000634800000|100%| E|CS|TAMS 0x0000000634400000| PB 0x0000000634400000| Complete 
| 210|0x0000000634800000, 0x0000000634c00000, 0x0000000634c00000|100%| E|CS|TAMS 0x0000000634800000| PB 0x0000000634800000| Complete 
| 211|0x0000000634c00000, 0x0000000635000000, 0x0000000635000000|100%| E|CS|TAMS 0x0000000634c00000| PB 0x0000000634c00000| Complete 
| 212|0x0000000635000000, 0x0000000635400000, 0x0000000635400000|100%| E|CS|TAMS 0x0000000635000000| PB 0x0000000635000000| Complete 
| 213|0x0000000635400000, 0x0000000635800000, 0x0000000635800000|100%| E|CS|TAMS 0x0000000635400000| PB 0x0000000635400000| Complete 
| 214|0x0000000635800000, 0x0000000635c00000, 0x0000000635c00000|100%| E|CS|TAMS 0x0000000635800000| PB 0x0000000635800000| Complete 
| 215|0x0000000635c00000, 0x0000000636000000, 0x0000000636000000|100%| E|CS|TAMS 0x0000000635c00000| PB 0x0000000635c00000| Complete 
| 216|0x0000000636000000, 0x0000000636400000, 0x0000000636400000|100%| E|CS|TAMS 0x0000000636000000| PB 0x0000000636000000| Complete 
| 217|0x0000000636400000, 0x0000000636800000, 0x0000000636800000|100%| E|CS|TAMS 0x0000000636400000| PB 0x0000000636400000| Complete 
| 218|0x0000000636800000, 0x0000000636c00000, 0x0000000636c00000|100%| E|CS|TAMS 0x0000000636800000| PB 0x0000000636800000| Complete 
| 219|0x0000000636c00000, 0x0000000637000000, 0x0000000637000000|100%| E|CS|TAMS 0x0000000636c00000| PB 0x0000000636c00000| Complete 
| 220|0x0000000637000000, 0x0000000637400000, 0x0000000637400000|100%| E|CS|TAMS 0x0000000637000000| PB 0x0000000637000000| Complete 
| 221|0x0000000637400000, 0x0000000637800000, 0x0000000637800000|100%| E|CS|TAMS 0x0000000637400000| PB 0x0000000637400000| Complete 
| 222|0x0000000637800000, 0x0000000637c00000, 0x0000000637c00000|100%| E|CS|TAMS 0x0000000637800000| PB 0x0000000637800000| Complete 
| 223|0x0000000637c00000, 0x0000000638000000, 0x0000000638000000|100%| E|CS|TAMS 0x0000000637c00000| PB 0x0000000637c00000| Complete 
| 224|0x0000000638000000, 0x0000000638400000, 0x0000000638400000|100%| E|CS|TAMS 0x0000000638000000| PB 0x0000000638000000| Complete 
| 225|0x0000000638400000, 0x0000000638800000, 0x0000000638800000|100%| E|CS|TAMS 0x0000000638400000| PB 0x0000000638400000| Complete 
| 226|0x0000000638800000, 0x0000000638c00000, 0x0000000638c00000|100%| E|CS|TAMS 0x0000000638800000| PB 0x0000000638800000| Complete 
| 227|0x0000000638c00000, 0x0000000639000000, 0x0000000639000000|100%| E|CS|TAMS 0x0000000638c00000| PB 0x0000000638c00000| Complete 
| 228|0x0000000639000000, 0x0000000639400000, 0x0000000639400000|100%| E|CS|TAMS 0x0000000639000000| PB 0x0000000639000000| Complete 
| 229|0x0000000639400000, 0x0000000639800000, 0x0000000639800000|100%| E|CS|TAMS 0x0000000639400000| PB 0x0000000639400000| Complete 
| 230|0x0000000639800000, 0x0000000639c00000, 0x0000000639c00000|100%| E|CS|TAMS 0x0000000639800000| PB 0x0000000639800000| Complete 
| 231|0x0000000639c00000, 0x000000063a000000, 0x000000063a000000|100%| E|CS|TAMS 0x0000000639c00000| PB 0x0000000639c00000| Complete 
| 232|0x000000063a000000, 0x000000063a400000, 0x000000063a400000|100%| E|CS|TAMS 0x000000063a000000| PB 0x000000063a000000| Complete 
| 233|0x000000063a400000, 0x000000063a800000, 0x000000063a800000|100%| E|CS|TAMS 0x000000063a400000| PB 0x000000063a400000| Complete 
| 234|0x000000063a800000, 0x000000063ac00000, 0x000000063ac00000|100%| E|CS|TAMS 0x000000063a800000| PB 0x000000063a800000| Complete 
| 235|0x000000063ac00000, 0x000000063b000000, 0x000000063b000000|100%| E|CS|TAMS 0x000000063ac00000| PB 0x000000063ac00000| Complete 
| 236|0x000000063b000000, 0x000000063b400000, 0x000000063b400000|100%| E|CS|TAMS 0x000000063b000000| PB 0x000000063b000000| Complete 
| 237|0x000000063b400000, 0x000000063b800000, 0x000000063b800000|100%| E|CS|TAMS 0x000000063b400000| PB 0x000000063b400000| Complete 
| 238|0x000000063b800000, 0x000000063bc00000, 0x000000063bc00000|100%| E|CS|TAMS 0x000000063b800000| PB 0x000000063b800000| Complete 
| 239|0x000000063bc00000, 0x000000063c000000, 0x000000063c000000|100%| E|CS|TAMS 0x000000063bc00000| PB 0x000000063bc00000| Complete 
| 240|0x000000063c000000, 0x000000063c400000, 0x000000063c400000|100%| E|CS|TAMS 0x000000063c000000| PB 0x000000063c000000| Complete 
| 241|0x000000063c400000, 0x000000063c800000, 0x000000063c800000|100%| E|CS|TAMS 0x000000063c400000| PB 0x000000063c400000| Complete 
| 242|0x000000063c800000, 0x000000063cc00000, 0x000000063cc00000|100%| E|CS|TAMS 0x000000063c800000| PB 0x000000063c800000| Complete 
| 243|0x000000063cc00000, 0x000000063d000000, 0x000000063d000000|100%| E|CS|TAMS 0x000000063cc00000| PB 0x000000063cc00000| Complete 
| 244|0x000000063d000000, 0x000000063d400000, 0x000000063d400000|100%| E|CS|TAMS 0x000000063d000000| PB 0x000000063d000000| Complete 
| 245|0x000000063d400000, 0x000000063d800000, 0x000000063d800000|100%| E|CS|TAMS 0x000000063d400000| PB 0x000000063d400000| Complete 
| 246|0x000000063d800000, 0x000000063dc00000, 0x000000063dc00000|100%| E|CS|TAMS 0x000000063d800000| PB 0x000000063d800000| Complete 
| 247|0x000000063dc00000, 0x000000063e000000, 0x000000063e000000|100%| E|CS|TAMS 0x000000063dc00000| PB 0x000000063dc00000| Complete 
| 248|0x000000063e000000, 0x000000063e400000, 0x000000063e400000|100%| E|CS|TAMS 0x000000063e000000| PB 0x000000063e000000| Complete 
| 249|0x000000063e400000, 0x000000063e800000, 0x000000063e800000|100%| E|CS|TAMS 0x000000063e400000| PB 0x000000063e400000| Complete 
| 250|0x000000063e800000, 0x000000063ec00000, 0x000000063ec00000|100%| E|CS|TAMS 0x000000063e800000| PB 0x000000063e800000| Complete 
| 251|0x000000063ec00000, 0x000000063f000000, 0x000000063f000000|100%| E|CS|TAMS 0x000000063ec00000| PB 0x000000063ec00000| Complete 
| 252|0x000000063f000000, 0x000000063f400000, 0x000000063f400000|100%| E|CS|TAMS 0x000000063f000000| PB 0x000000063f000000| Complete 
| 253|0x000000063f400000, 0x000000063f800000, 0x000000063f800000|100%| E|CS|TAMS 0x000000063f400000| PB 0x000000063f400000| Complete 
| 254|0x000000063f800000, 0x000000063fc00000, 0x000000063fc00000|100%| E|CS|TAMS 0x000000063f800000| PB 0x000000063f800000| Complete 
| 255|0x000000063fc00000, 0x0000000640000000, 0x0000000640000000|100%| E|CS|TAMS 0x000000063fc00000| PB 0x000000063fc00000| Complete 
| 256|0x0000000640000000, 0x0000000640400000, 0x0000000640400000|100%| E|CS|TAMS 0x0000000640000000| PB 0x0000000640000000| Complete 
| 257|0x0000000640400000, 0x0000000640800000, 0x0000000640800000|100%| E|CS|TAMS 0x0000000640400000| PB 0x0000000640400000| Complete 
| 258|0x0000000640800000, 0x0000000640c00000, 0x0000000640c00000|100%| E|CS|TAMS 0x0000000640800000| PB 0x0000000640800000| Complete 
| 259|0x0000000640c00000, 0x0000000641000000, 0x0000000641000000|100%| E|CS|TAMS 0x0000000640c00000| PB 0x0000000640c00000| Complete 
| 260|0x0000000641000000, 0x0000000641400000, 0x0000000641400000|100%| E|CS|TAMS 0x0000000641000000| PB 0x0000000641000000| Complete 
| 261|0x0000000641400000, 0x0000000641800000, 0x0000000641800000|100%| E|CS|TAMS 0x0000000641400000| PB 0x0000000641400000| Complete 
| 262|0x0000000641800000, 0x0000000641c00000, 0x0000000641c00000|100%| E|CS|TAMS 0x0000000641800000| PB 0x0000000641800000| Complete 
| 263|0x0000000641c00000, 0x0000000642000000, 0x0000000642000000|100%| E|CS|TAMS 0x0000000641c00000| PB 0x0000000641c00000| Complete 
| 264|0x0000000642000000, 0x0000000642400000, 0x0000000642400000|100%| E|CS|TAMS 0x0000000642000000| PB 0x0000000642000000| Complete 
| 265|0x0000000642400000, 0x0000000642800000, 0x0000000642800000|100%| E|CS|TAMS 0x0000000642400000| PB 0x0000000642400000| Complete 
| 266|0x0000000642800000, 0x0000000642c00000, 0x0000000642c00000|100%| E|CS|TAMS 0x0000000642800000| PB 0x0000000642800000| Complete 
| 267|0x0000000642c00000, 0x0000000643000000, 0x0000000643000000|100%| E|CS|TAMS 0x0000000642c00000| PB 0x0000000642c00000| Complete 
| 268|0x0000000643000000, 0x0000000643400000, 0x0000000643400000|100%| E|CS|TAMS 0x0000000643000000| PB 0x0000000643000000| Complete 
| 269|0x0000000643400000, 0x0000000643800000, 0x0000000643800000|100%| E|CS|TAMS 0x0000000643400000| PB 0x0000000643400000| Complete 
| 270|0x0000000643800000, 0x0000000643c00000, 0x0000000643c00000|100%| E|CS|TAMS 0x0000000643800000| PB 0x0000000643800000| Complete 
| 271|0x0000000643c00000, 0x0000000644000000, 0x0000000644000000|100%| E|CS|TAMS 0x0000000643c00000| PB 0x0000000643c00000| Complete 
| 272|0x0000000644000000, 0x0000000644400000, 0x0000000644400000|100%| E|CS|TAMS 0x0000000644000000| PB 0x0000000644000000| Complete 
| 273|0x0000000644400000, 0x0000000644800000, 0x0000000644800000|100%| E|CS|TAMS 0x0000000644400000| PB 0x0000000644400000| Complete 
| 274|0x0000000644800000, 0x0000000644c00000, 0x0000000644c00000|100%| E|CS|TAMS 0x0000000644800000| PB 0x0000000644800000| Complete 
| 275|0x0000000644c00000, 0x0000000645000000, 0x0000000645000000|100%| E|CS|TAMS 0x0000000644c00000| PB 0x0000000644c00000| Complete 
| 276|0x0000000645000000, 0x0000000645400000, 0x0000000645400000|100%| E|CS|TAMS 0x0000000645000000| PB 0x0000000645000000| Complete 
| 277|0x0000000645400000, 0x0000000645800000, 0x0000000645800000|100%| E|CS|TAMS 0x0000000645400000| PB 0x0000000645400000| Complete 
| 278|0x0000000645800000, 0x0000000645c00000, 0x0000000645c00000|100%| E|CS|TAMS 0x0000000645800000| PB 0x0000000645800000| Complete 
| 279|0x0000000645c00000, 0x0000000646000000, 0x0000000646000000|100%| E|CS|TAMS 0x0000000645c00000| PB 0x0000000645c00000| Complete 
| 280|0x0000000646000000, 0x0000000646400000, 0x0000000646400000|100%| E|CS|TAMS 0x0000000646000000| PB 0x0000000646000000| Complete 
| 281|0x0000000646400000, 0x0000000646800000, 0x0000000646800000|100%| E|CS|TAMS 0x0000000646400000| PB 0x0000000646400000| Complete 
| 282|0x0000000646800000, 0x0000000646c00000, 0x0000000646c00000|100%| E|CS|TAMS 0x0000000646800000| PB 0x0000000646800000| Complete 
| 283|0x0000000646c00000, 0x0000000647000000, 0x0000000647000000|100%| E|CS|TAMS 0x0000000646c00000| PB 0x0000000646c00000| Complete 
| 284|0x0000000647000000, 0x0000000647400000, 0x0000000647400000|100%| E|CS|TAMS 0x0000000647000000| PB 0x0000000647000000| Complete 
| 285|0x0000000647400000, 0x0000000647800000, 0x0000000647800000|100%| E|CS|TAMS 0x0000000647400000| PB 0x0000000647400000| Complete 
| 286|0x0000000647800000, 0x0000000647c00000, 0x0000000647c00000|100%| E|CS|TAMS 0x0000000647800000| PB 0x0000000647800000| Complete 
| 287|0x0000000647c00000, 0x0000000648000000, 0x0000000648000000|100%| E|CS|TAMS 0x0000000647c00000| PB 0x0000000647c00000| Complete 
| 288|0x0000000648000000, 0x0000000648400000, 0x0000000648400000|100%| E|CS|TAMS 0x0000000648000000| PB 0x0000000648000000| Complete 
| 289|0x0000000648400000, 0x0000000648800000, 0x0000000648800000|100%| E|CS|TAMS 0x0000000648400000| PB 0x0000000648400000| Complete 
| 290|0x0000000648800000, 0x0000000648c00000, 0x0000000648c00000|100%| E|CS|TAMS 0x0000000648800000| PB 0x0000000648800000| Complete 
| 291|0x0000000648c00000, 0x0000000649000000, 0x0000000649000000|100%| E|CS|TAMS 0x0000000648c00000| PB 0x0000000648c00000| Complete 
| 292|0x0000000649000000, 0x0000000649400000, 0x0000000649400000|100%| E|CS|TAMS 0x0000000649000000| PB 0x0000000649000000| Complete 
| 293|0x0000000649400000, 0x0000000649800000, 0x0000000649800000|100%| E|CS|TAMS 0x0000000649400000| PB 0x0000000649400000| Complete 
| 294|0x0000000649800000, 0x0000000649c00000, 0x0000000649c00000|100%| E|CS|TAMS 0x0000000649800000| PB 0x0000000649800000| Complete 
| 295|0x0000000649c00000, 0x000000064a000000, 0x000000064a000000|100%| E|CS|TAMS 0x0000000649c00000| PB 0x0000000649c00000| Complete 
| 296|0x000000064a000000, 0x000000064a400000, 0x000000064a400000|100%| E|CS|TAMS 0x000000064a000000| PB 0x000000064a000000| Complete 
| 297|0x000000064a400000, 0x000000064a800000, 0x000000064a800000|100%| E|CS|TAMS 0x000000064a400000| PB 0x000000064a400000| Complete 
| 298|0x000000064a800000, 0x000000064ac00000, 0x000000064ac00000|100%| E|CS|TAMS 0x000000064a800000| PB 0x000000064a800000| Complete 
| 299|0x000000064ac00000, 0x000000064b000000, 0x000000064b000000|100%| E|CS|TAMS 0x000000064ac00000| PB 0x000000064ac00000| Complete 
|2044|0x00000007ff000000, 0x00000007ff400000, 0x00000007ff400000|100%| O|  |TAMS 0x00000007ff000000| PB 0x00000007ff000000| Untracked 
|2045|0x00000007ff400000, 0x00000007ff800000, 0x00000007ff800000|100%| O|  |TAMS 0x00000007ff400000| PB 0x00000007ff400000| Untracked 
|2046|0x00000007ff800000, 0x00000007ffc00000, 0x00000007ffc00000|100%| O|  |TAMS 0x00000007ff800000| PB 0x00000007ff800000| Untracked 
|2047|0x00000007ffc00000, 0x0000000800000000, 0x0000000800000000|100%| E|CS|TAMS 0x00000007ffc00000| PB 0x00000007ffc00000| Complete 

Card table byte_map: [0x00007f4769800000,0x00007f476a800000] _byte_map_base: 0x00007f4766800000

Marking Bits: (CMBitMap*) 0x00007f4794059350
 Bits: [0x00007f4761800000, 0x00007f4769800000)

Polling page: 0x00007f479b846000

Metaspace:

Usage:
  Non-class:    144.75 MB used.
      Class:     22.77 MB used.
       Both:    167.51 MB used.

Virtual space:
  Non-class space:      192.00 MB reserved,     146.19 MB ( 76%) committed,  3 nodes.
      Class space:        1.00 GB reserved,      24.19 MB (  2%) committed,  1 nodes.
             Both:        1.19 GB reserved,     170.38 MB ( 14%) committed. 

Chunk freelists:
   Non-Class:  12.89 MB
       Class:  7.67 MB
        Both:  20.56 MB

MaxMetaspaceSize: 4.00 GB
CompressedClassSpaceSize: 1.00 GB
Initial GC threshold: 21.00 MB
Current GC threshold: 273.06 MB
CDS: on
 - commit_granule_bytes: 65536.
 - commit_granule_words: 8192.
 - virtual_space_node_default_size: 8388608.
 - enlarge_chunks_in_place: 1.
 - use_allocation_guard: 0.


Internal statistics:

num_allocs_failed_limit: 9.
num_arena_births: 5224.
num_arena_deaths: 10.
num_vsnodes_births: 4.
num_vsnodes_deaths: 0.
num_space_committed: 2724.
num_space_uncommitted: 0.
num_chunks_returned_to_freelist: 21.
num_chunks_taken_from_freelist: 13305.
num_chunk_merges: 11.
num_chunk_splits: 8690.
num_chunks_enlarged: 5534.
num_inconsistent_stats: 0.

CodeHeap 'non-profiled nmethods': size=259292Kb used=11802Kb max_used=11802Kb free=247489Kb
 bounds [0x00007f477bac9000, 0x00007f477c659000, 0x00007f478b800000]
CodeHeap 'profiled nmethods': size=259292Kb used=46151Kb max_used=46151Kb free=213140Kb
 bounds [0x00007f476b800000, 0x00007f476e520000, 0x00007f477b537000]
CodeHeap 'non-nmethods': size=5704Kb used=2601Kb max_used=2672Kb free=3102Kb
 bounds [0x00007f477b537000, 0x00007f477b7f7000, 0x00007f477bac9000]
CodeCache: size=524288Kb, used=60554Kb, max_used=60625Kb, free=463731Kb
 total_blobs=24872, nmethods=23843, adapters=932, full_count=0
Compilation: enabled, stopped_count=0, restarted_count=0

Compilation events (20 events):
Event: 168.416 Thread 0x00007f47940fcb30 nmethod 30139 0x00007f476e4ebf90 code [0x00007f476e4ec140, 0x00007f476e4ec380]
Event: 168.417 Thread 0x00007f47940fcb30 30140       3       com.android.tools.r8.graph.r1::a (40 bytes)
Event: 168.457 Thread 0x00007f47940fcb30 nmethod 30140 0x00007f476e4ec490 code [0x00007f476e4ec6e0, 0x00007f476e4ed2a8]
Event: 168.457 Thread 0x00007f47940fcb30 30141       3       java.util.Arrays$ArrayList::forEach (43 bytes)
Event: 168.459 Thread 0x00007f47940fcb30 nmethod 30141 0x00007f476e4ed710 code [0x00007f476e4ed8e0, 0x00007f476e4edcf0]
Event: 168.459 Thread 0x00007f47940fcb30 30147       3       com.android.tools.r8.internal.ac0::a (102 bytes)
Event: 168.471 Thread 0x00007f47940fcb30 nmethod 30147 0x00007f476e4ede90 code [0x00007f476e4ee280, 0x00007f476e4ef9d0]
Event: 168.471 Thread 0x00007f47940fcb30 30154       3       com.android.tools.r8.naming.w0$b::a (88 bytes)
Event: 168.475 Thread 0x00007f47940fcb30 nmethod 30154 0x00007f476e4f0310 code [0x00007f476e4f0580, 0x00007f476e4f12b0]
Event: 168.475 Thread 0x00007f47940fcb30 30153       3       java.lang.invoke.LambdaForm$MH/0x00007f4704e64c00::invoke (47 bytes)
Event: 168.476 Thread 0x00007f47940fcb30 nmethod 30153 0x00007f476e4f1810 code [0x00007f476e4f1a00, 0x00007f476e4f2030]
Event: 168.476 Thread 0x00007f47940fcb30 30150       3       com.android.tools.r8.dex.t$$Lambda/0x00007f47057ef780::test (8 bytes)
Event: 168.477 Thread 0x00007f47940fcb30 nmethod 30150 0x00007f476e4f2210 code [0x00007f476e4f23c0, 0x00007f476e4f2668]
Event: 168.477 Thread 0x00007f47940fcb30 30151       3       com.android.tools.r8.dex.t$$Lambda/0x00007f47057ef9d0::accept (24 bytes)
Event: 168.478 Thread 0x00007f47940fcb30 nmethod 30151 0x00007f476e4f2790 code [0x00007f476e4f2940, 0x00007f476e4f2ba8]
Event: 168.478 Thread 0x00007f47940fcb30 30152       3       com.android.tools.r8.dex.t::a (264 bytes)
Event: 168.484 Thread 0x00007f47940fcb30 nmethod 30152 0x00007f476e4f2c90 code [0x00007f476e4f3000, 0x00007f476e4f4978]
Event: 168.485 Thread 0x00007f47940fcb30 30155       3       com.android.tools.r8.dex.t::a (227 bytes)
Event: 168.496 Thread 0x00007f47940fcb30 nmethod 30155 0x00007f476e4f5290 code [0x00007f476e4f5800, 0x00007f476e4f87f0]
Event: 168.497 Thread 0x00007f47940fcb30 30143   !   2       com.android.tools.r8.graph.r1::<init> (157 bytes)

GC Heap History (20 events):
Event: 126.291 GC heap before
{Heap before GC invocations=45 (full 0):
 garbage-first heap   total 413696K, used 372105K [0x0000000600000000, 0x0000000800000000)
  region size 4096K, 33 young (135168K), 2 survivors (8192K)
 Metaspace       used 155589K, committed 158464K, reserved 1245184K
  class space    used 21223K, committed 22592K, reserved 1048576K
}
Event: 126.357 GC heap after
{Heap after GC invocations=46 (full 0):
 garbage-first heap   total 503808K, used 281166K [0x0000000600000000, 0x0000000800000000)
  region size 4096K, 5 young (20480K), 5 survivors (20480K)
 Metaspace       used 155589K, committed 158464K, reserved 1245184K
  class space    used 21223K, committed 22592K, reserved 1048576K
}
Event: 128.435 GC heap before
{Heap before GC invocations=46 (full 0):
 garbage-first heap   total 503808K, used 428622K [0x0000000600000000, 0x0000000800000000)
  region size 4096K, 42 young (172032K), 5 survivors (20480K)
 Metaspace       used 158499K, committed 161344K, reserved 1245184K
  class space    used 21597K, committed 22976K, reserved 1048576K
}
Event: 128.543 GC heap after
{Heap after GC invocations=47 (full 0):
 garbage-first heap   total 503808K, used 302595K [0x0000000600000000, 0x0000000800000000)
  region size 4096K, 6 young (24576K), 6 survivors (24576K)
 Metaspace       used 158499K, committed 161344K, reserved 1245184K
  class space    used 21597K, committed 22976K, reserved 1048576K
}
Event: 130.163 GC heap before
{Heap before GC invocations=48 (full 0):
 garbage-first heap   total 503808K, used 437763K [0x0000000600000000, 0x0000000800000000)
  region size 4096K, 39 young (159744K), 6 survivors (24576K)
 Metaspace       used 160059K, committed 162880K, reserved 1245184K
  class space    used 21833K, committed 23168K, reserved 1048576K
}
Event: 130.452 GC heap after
{Heap after GC invocations=49 (full 0):
 garbage-first heap   total 503808K, used 331158K [0x0000000600000000, 0x0000000800000000)
  region size 4096K, 5 young (20480K), 5 survivors (20480K)
 Metaspace       used 160059K, committed 162880K, reserved 1245184K
  class space    used 21833K, committed 23168K, reserved 1048576K
}
Event: 131.259 GC heap before
{Heap before GC invocations=49 (full 0):
 garbage-first heap   total 503808K, used 445846K [0x0000000600000000, 0x0000000800000000)
  region size 4096K, 33 young (135168K), 5 survivors (20480K)
 Metaspace       used 161861K, committed 164672K, reserved 1245184K
  class space    used 22124K, committed 23488K, reserved 1048576K
}
Event: 131.408 GC heap after
{Heap after GC invocations=50 (full 0):
 garbage-first heap   total 503808K, used 354867K [0x0000000600000000, 0x0000000800000000)
  region size 4096K, 5 young (20480K), 5 survivors (20480K)
 Metaspace       used 161861K, committed 164672K, reserved 1245184K
  class space    used 22124K, committed 23488K, reserved 1048576K
}
Event: 133.592 GC heap before
{Heap before GC invocations=50 (full 0):
 garbage-first heap   total 503808K, used 449075K [0x0000000600000000, 0x0000000800000000)
  region size 4096K, 29 young (118784K), 5 survivors (20480K)
 Metaspace       used 164010K, committed 166848K, reserved 1245184K
  class space    used 22503K, committed 23872K, reserved 1048576K
}
Event: 133.694 GC heap after
{Heap after GC invocations=51 (full 0):
 garbage-first heap   total 503808K, used 366723K [0x0000000600000000, 0x0000000800000000)
  region size 4096K, 3 young (12288K), 3 survivors (12288K)
 Metaspace       used 164010K, committed 166848K, reserved 1245184K
  class space    used 22503K, committed 23872K, reserved 1048576K
}
Event: 136.639 GC heap before
{Heap before GC invocations=51 (full 0):
 garbage-first heap   total 622592K, used 456835K [0x0000000600000000, 0x0000000800000000)
  region size 4096K, 25 young (102400K), 3 survivors (12288K)
 Metaspace       used 164870K, committed 167744K, reserved 1245184K
  class space    used 22624K, committed 24000K, reserved 1048576K
}
Event: 136.732 GC heap after
{Heap after GC invocations=52 (full 0):
 garbage-first heap   total 1245184K, used 368764K [0x0000000600000000, 0x0000000800000000)
  region size 4096K, 3 young (12288K), 3 survivors (12288K)
 Metaspace       used 164870K, committed 167744K, reserved 1245184K
  class space    used 22624K, committed 24000K, reserved 1048576K
}
Event: 140.790 GC heap before
{Heap before GC invocations=53 (full 0):
 garbage-first heap   total 1245184K, used 540796K [0x0000000600000000, 0x0000000800000000)
  region size 4096K, 45 young (184320K), 3 survivors (12288K)
 Metaspace       used 165979K, committed 168832K, reserved 1245184K
  class space    used 22700K, committed 24064K, reserved 1048576K
}
Event: 140.877 GC heap after
{Heap after GC invocations=54 (full 0):
 garbage-first heap   total 1245184K, used 371869K [0x0000000600000000, 0x0000000800000000)
  region size 4096K, 4 young (16384K), 4 survivors (16384K)
 Metaspace       used 165979K, committed 168832K, reserved 1245184K
  class space    used 22700K, committed 24064K, reserved 1048576K
}
Event: 151.983 GC heap before
{Heap before GC invocations=54 (full 0):
 garbage-first heap   total 1245184K, used 1096861K [0x0000000600000000, 0x0000000800000000)
  region size 4096K, 182 young (745472K), 4 survivors (16384K)
 Metaspace       used 170528K, committed 173440K, reserved 1245184K
  class space    used 23265K, committed 24704K, reserved 1048576K
}
Event: 152.229 GC heap after
{Heap after GC invocations=55 (full 0):
 garbage-first heap   total 1245184K, used 371650K [0x0000000600000000, 0x0000000800000000)
  region size 4096K, 5 young (20480K), 5 survivors (20480K)
 Metaspace       used 170528K, committed 173440K, reserved 1245184K
  class space    used 23265K, committed 24704K, reserved 1048576K
}
Event: 159.053 GC heap before
{Heap before GC invocations=55 (full 0):
 garbage-first heap   total 1245184K, used 1022914K [0x0000000600000000, 0x0000000800000000)
  region size 4096K, 165 young (675840K), 5 survivors (20480K)
 Metaspace       used 170931K, committed 173824K, reserved 1245184K
  class space    used 23279K, committed 24704K, reserved 1048576K
}
Event: 159.164 GC heap after
{Heap after GC invocations=56 (full 0):
 garbage-first heap   total 1245184K, used 375195K [0x0000000600000000, 0x0000000800000000)
  region size 4096K, 6 young (24576K), 6 survivors (24576K)
 Metaspace       used 170931K, committed 173824K, reserved 1245184K
  class space    used 23279K, committed 24704K, reserved 1048576K
}
Event: 163.727 GC heap before
{Heap before GC invocations=56 (full 0):
 garbage-first heap   total 1245184K, used 1010075K [0x0000000600000000, 0x0000000800000000)
  region size 4096K, 162 young (663552K), 6 survivors (24576K)
 Metaspace       used 171094K, committed 174080K, reserved 1245184K
  class space    used 23297K, committed 24768K, reserved 1048576K
}
Event: 163.886 GC heap after
{Heap after GC invocations=57 (full 0):
 garbage-first heap   total 1245184K, used 379842K [0x0000000600000000, 0x0000000800000000)
  region size 4096K, 7 young (28672K), 7 survivors (28672K)
 Metaspace       used 171094K, committed 174080K, reserved 1245184K
  class space    used 23297K, committed 24768K, reserved 1048576K
}

Dll operation events (15 events):
Event: 0.005 Loaded shared library /home/norbs/.sdkman/candidates/java/21.0.8-tem/lib/libjava.so
Event: 0.112 Loaded shared library /home/norbs/.sdkman/candidates/java/21.0.8-tem/lib/libjsvml.so
Event: 0.276 Loaded shared library /home/norbs/.sdkman/candidates/java/21.0.8-tem/lib/libzip.so
Event: 0.284 Loaded shared library /home/norbs/.sdkman/candidates/java/21.0.8-tem/lib/libinstrument.so
Event: 0.292 Loaded shared library /home/norbs/.sdkman/candidates/java/21.0.8-tem/lib/libnio.so
Event: 0.296 Loaded shared library /home/norbs/.sdkman/candidates/java/21.0.8-tem/lib/libzip.so
Event: 0.781 Loaded shared library /home/norbs/.sdkman/candidates/java/21.0.8-tem/lib/libjimage.so
Event: 0.994 Loaded shared library /home/norbs/.sdkman/candidates/java/21.0.8-tem/lib/libverify.so
Event: 1.027 Loaded shared library /home/norbs/.sdkman/candidates/java/21.0.8-tem/lib/libnet.so
Event: 1.028 Loaded shared library /home/norbs/.gradle/native/660c5614fbf4a5f2a75b1949f50a0caf5cd603558e7d8a26e50b933a0cfb79d1/linux-amd64/libnative-platform.so
Event: 1.046 Loaded shared library /home/norbs/.gradle/native/0.2.8/x86_64-linux-gnu/libgradle-fileevents.so
Event: 1.954 Loaded shared library /home/norbs/.sdkman/candidates/java/21.0.8-tem/lib/libmanagement.so
Event: 1.955 Loaded shared library /home/norbs/.sdkman/candidates/java/21.0.8-tem/lib/libmanagement_ext.so
Event: 2.064 Loaded shared library /home/norbs/.sdkman/candidates/java/21.0.8-tem/lib/libextnet.so
Event: 13.005 Loaded shared library /home/norbs/.sdkman/candidates/java/21.0.8-tem/lib/librmi.so

Deoptimization events (20 events):
Event: 167.853 Thread 0x00007f462410cb50 DEOPT PACKING pc=0x00007f476e1427a9 sp=0x00007f46fd2f9de0
Event: 167.853 Thread 0x00007f462410cb50 DEOPT UNPACKING pc=0x00007f477b58f14f sp=0x00007f46fd2f9278 mode 0
Event: 167.855 Thread 0x00007f462410cb50 DEOPT PACKING pc=0x00007f476e1427a9 sp=0x00007f46fd2f9e10
Event: 167.855 Thread 0x00007f462410cb50 DEOPT UNPACKING pc=0x00007f477b58f14f sp=0x00007f46fd2f92a8 mode 0
Event: 167.865 Thread 0x00007f4624100840 DEOPT PACKING pc=0x00007f476dd4f3bc sp=0x00007f46fd9f8c20
Event: 167.865 Thread 0x00007f4624100840 DEOPT UNPACKING pc=0x00007f477b58f14f sp=0x00007f46fd9f8340 mode 0
Event: 167.870 Thread 0x00007f462410cb50 DEOPT PACKING pc=0x00007f476df0ea31 sp=0x00007f46fd2f9fe0
Event: 167.871 Thread 0x00007f462410cb50 DEOPT UNPACKING pc=0x00007f477b58f14f sp=0x00007f46fd2f9510 mode 0
Event: 167.881 Thread 0x00007f462410cb50 DEOPT PACKING pc=0x00007f476df437de sp=0x00007f46fd2fa460
Event: 167.881 Thread 0x00007f462410cb50 DEOPT UNPACKING pc=0x00007f477b58f14f sp=0x00007f46fd2f99a0 mode 0
Event: 167.918 Thread 0x00007f462410cb50 DEOPT PACKING pc=0x00007f476df437de sp=0x00007f46fd2fa490
Event: 167.918 Thread 0x00007f462410cb50 DEOPT UNPACKING pc=0x00007f477b58f14f sp=0x00007f46fd2f99d0 mode 0
Event: 167.988 Thread 0x00007f462410cb50 DEOPT PACKING pc=0x00007f476e14d546 sp=0x00007f46fd2fa270
Event: 167.988 Thread 0x00007f462410cb50 DEOPT UNPACKING pc=0x00007f477b58f14f sp=0x00007f46fd2f97c0 mode 0
Event: 168.020 Thread 0x00007f4624104910 DEOPT PACKING pc=0x00007f476dd4f3bc sp=0x00007f46fd6f8c20
Event: 168.020 Thread 0x00007f4624104910 DEOPT UNPACKING pc=0x00007f477b58f14f sp=0x00007f46fd6f8340 mode 0
Event: 168.171 Thread 0x00007f4624104910 DEOPT PACKING pc=0x00007f476ddb42e8 sp=0x00007f46fd6f9680
Event: 168.171 Thread 0x00007f4624104910 DEOPT UNPACKING pc=0x00007f477b58f14f sp=0x00007f46fd6f8f00 mode 0
Event: 168.464 Thread 0x00007f4624100840 DEOPT PACKING pc=0x00007f476dd4f3bc sp=0x00007f46fd9f8c20
Event: 168.464 Thread 0x00007f4624100840 DEOPT UNPACKING pc=0x00007f477b58f14f sp=0x00007f46fd9f8340 mode 0

Classes loaded (20 events):
Event: 130.882 Loading class java/util/IdentityHashMap$EntrySpliterator
Event: 130.882 Loading class java/util/IdentityHashMap$IdentityHashMapSpliterator
Event: 130.882 Loading class java/util/IdentityHashMap$IdentityHashMapSpliterator done
Event: 130.883 Loading class java/util/IdentityHashMap$EntrySpliterator done
Event: 130.980 Loading class java/util/SortedSet$1
Event: 130.986 Loading class java/util/SortedSet$1 done
Event: 131.143 Loading class java/util/IdentityHashMap$ValueIterator
Event: 131.143 Loading class java/util/IdentityHashMap$ValueIterator done
Event: 136.984 Loading class java/util/concurrent/ConcurrentHashMap$TreeNode
Event: 136.987 Loading class java/util/concurrent/ConcurrentHashMap$TreeNode done
Event: 136.988 Loading class java/util/concurrent/ConcurrentHashMap$TreeBin
Event: 136.996 Loading class java/util/concurrent/ConcurrentHashMap$TreeBin done
Event: 145.439 Loading class java/nio/ShortBuffer
Event: 145.445 Loading class java/nio/ShortBuffer done
Event: 145.920 Loading class java/nio/ByteBufferAsShortBufferL
Event: 145.923 Loading class java/nio/ByteBufferAsShortBufferL done
Event: 146.336 Loading class java/util/zip/Adler32
Event: 146.357 Loading class java/util/zip/Adler32 done
Event: 149.982 Loading class java/util/zip/ZipOutputStream$XEntry
Event: 149.988 Loading class java/util/zip/ZipOutputStream$XEntry done

Classes unloaded (5 events):
Event: 8.750 Thread 0x00007f47940eaae0 Unloading class 0x00007f470479c400 'java/lang/invoke/LambdaForm$DMH+0x00007f470479c400'
Event: 127.768 Thread 0x00007f47940eaae0 Unloading class 0x00007f47053c8c00 'java/lang/invoke/LambdaForm$DMH+0x00007f47053c8c00'
Event: 127.768 Thread 0x00007f47940eaae0 Unloading class 0x00007f47053c8800 'java/lang/invoke/LambdaForm$DMH+0x00007f47053c8800'
Event: 127.768 Thread 0x00007f47940eaae0 Unloading class 0x00007f47053c8400 'java/lang/invoke/LambdaForm$DMH+0x00007f47053c8400'
Event: 136.424 Thread 0x00007f47940eaae0 Unloading class 0x00007f47055e0400 'java/lang/invoke/LambdaForm$DMH+0x00007f47055e0400'

Classes redefined (0 events):
No events

Internal exceptions (20 events):
Event: 137.475 Thread 0x00007f4699752cf0 Exception <a 'java/io/IOException'{0x0000000649e17460}> (0x0000000649e17460) 
thrown [src/hotspot/share/prims/jni.cpp, line 520]
Event: 140.957 Thread 0x00007f46992682b0 Exception <a 'java/lang/NoSuchMethodError'{0x00000007ffe2a218}: 'void java.lang.invoke.DirectMethodHandle$Holder.invokeSpecial(java.lang.Object, java.lang.Object, java.lang.Object, int, java.lang.Object, java.lang.Object, java.lang.Object, java.lang.Object)'> (0x00000007ffe2a218) 
thrown [src/hotspot/share/interpreter/linkResolver.cpp, line 772]
Event: 140.991 Thread 0x00007f46992682b0 Exception <a 'java/lang/NoSuchMethodError'{0x000000064ae59860}: 'void java.lang.invoke.DirectMethodHandle$Holder.invokeStatic(java.lang.Object, java.lang.Object, java.lang.Object, java.lang.Object, java.lang.Object, java.lang.Object, java.lang.Object, java.lang.Object)'> (0x000000064ae59860) 
thrown [src/hotspot/share/interpreter/linkResolver.cpp, line 772]
Event: 142.097 Thread 0x00007f46992682b0 Exception <a 'java/lang/ClassCastException'{0x0000000647fd4df0}: class kotlin.reflect.jvm.internal.ReflectionFactoryImpl cannot be cast to class com.android.tools.r8.internal.en3 (kotlin.reflect.jvm.internal.ReflectionFactoryImpl is in unnamed module of loader org.gradle.internal.classloader.VisitableURLClassLoader @75412c2f; com.android.tools.r8.internal.en3 is in unnamed module of loader org.gradle.internal.classloader.VisitableURLClassLoader$InstrumentingVisitableURLClassLoader @6c6ccdeb)> (0x0000000647
Event: 142.472 Thread 0x00007f4699752cf0 Exception <a 'java/io/IOException'{0x00000006466970c0}> (0x00000006466970c0) 
thrown [src/hotspot/share/prims/jni.cpp, line 520]
Event: 145.079 Thread 0x00007f46992682b0 Exception <a 'java/lang/IncompatibleClassChangeError'{0x00000006390f9028}: Found class java.lang.Object, but interface was expected> (0x00000006390f9028) 
thrown [src/hotspot/share/interpreter/linkResolver.cpp, line 840]
Event: 145.966 Thread 0x00007f4628018800 Implicit null exception at 0x00007f477c4ff55d to 0x00007f477c4ff694
Event: 146.443 Thread 0x00007f46992682b0 Exception <a 'sun/nio/fs/UnixException'{0x00000006338bf6a0}> (0x00000006338bf6a0) 
thrown [src/hotspot/share/prims/jni.cpp, line 520]
Event: 146.647 Thread 0x00007f46992682b0 Exception <a 'sun/nio/fs/UnixException'{0x00000006328b5038}> (0x00000006328b5038) 
thrown [src/hotspot/share/prims/jni.cpp, line 520]
Event: 147.471 Thread 0x00007f4699752cf0 Exception <a 'java/io/IOException'{0x000000062db2a608}> (0x000000062db2a608) 
thrown [src/hotspot/share/prims/jni.cpp, line 520]
Event: 149.954 Thread 0x00007f4628018800 Exception <a 'sun/nio/fs/UnixException'{0x0000000626a000e0}> (0x0000000626a000e0) 
thrown [src/hotspot/share/prims/jni.cpp, line 520]
Event: 149.989 Thread 0x00007f4628018800 Exception <a 'sun/nio/fs/UnixException'{0x000000062617a318}> (0x000000062617a318) 
thrown [src/hotspot/share/prims/jni.cpp, line 520]
Event: 150.042 Thread 0x00007f4628018800 Exception <a 'sun/nio/fs/UnixException'{0x000000062618eeb8}> (0x000000062618eeb8) 
thrown [src/hotspot/share/prims/jni.cpp, line 520]
Event: 152.473 Thread 0x00007f4699752cf0 Exception <a 'java/io/IOException'{0x0000000649c01400}> (0x0000000649c01400) 
thrown [src/hotspot/share/prims/jni.cpp, line 520]
Event: 155.815 Thread 0x00007f4628015260 Exception <a 'sun/nio/fs/UnixException'{0x0000000637e19ac8}> (0x0000000637e19ac8) 
thrown [src/hotspot/share/prims/jni.cpp, line 520]
Event: 155.865 Thread 0x00007f4628015260 Exception <a 'sun/nio/fs/UnixException'{0x0000000637e5af48}> (0x0000000637e5af48) 
thrown [src/hotspot/share/prims/jni.cpp, line 520]
Event: 157.476 Thread 0x00007f4699752cf0 Exception <a 'java/io/IOException'{0x0000000649c07160}> (0x0000000649c07160) 
thrown [src/hotspot/share/prims/jni.cpp, line 520]
Event: 159.922 Thread 0x00007f4624100840 Exception <a 'java/lang/NoSuchMethodError'{0x0000000645c9bf50}: 'void java.lang.invoke.DirectMethodHandle$Holder.invokeSpecial(java.lang.Object, java.lang.Object, java.lang.Object, java.lang.Object, java.lang.Object, java.lang.Object, java.lang.Object, java.lang.Object, java.lang.Object)'> (0x0000000645c9bf50) 
thrown [src/hotspot/share/interpreter/linkResolver.cpp, line 772]
Event: 162.469 Thread 0x00007f4699752cf0 Exception <a 'java/io/IOException'{0x000000062f7fe318}> (0x000000062f7fe318) 
thrown [src/hotspot/share/prims/jni.cpp, line 520]
Event: 167.469 Thread 0x00007f4699752cf0 Exception <a 'java/io/IOException'{0x0000000630e003f0}> (0x0000000630e003f0) 
thrown [src/hotspot/share/prims/jni.cpp, line 520]

ZGC Phase Switch (0 events):
No events

VM Operations (20 events):
Event: 159.049 Executing VM operation: G1CollectForAllocation (G1 Evacuation Pause)
Event: 159.164 Executing VM operation: G1CollectForAllocation (G1 Evacuation Pause) done
Event: 160.165 Executing VM operation: Cleanup
Event: 160.166 Executing VM operation: Cleanup done
Event: 161.166 Executing VM operation: Cleanup
Event: 161.183 Executing VM operation: Cleanup done
Event: 162.183 Executing VM operation: Cleanup
Event: 162.184 Executing VM operation: Cleanup done
Event: 163.194 Executing VM operation: Cleanup
Event: 163.197 Executing VM operation: Cleanup done
Event: 163.725 Executing VM operation: G1CollectForAllocation (G1 Evacuation Pause)
Event: 163.890 Executing VM operation: G1CollectForAllocation (G1 Evacuation Pause) done
Event: 164.890 Executing VM operation: Cleanup
Event: 164.893 Executing VM operation: Cleanup done
Event: 165.893 Executing VM operation: Cleanup
Event: 165.896 Executing VM operation: Cleanup done
Event: 166.896 Executing VM operation: Cleanup
Event: 166.910 Executing VM operation: Cleanup done
Event: 167.910 Executing VM operation: Cleanup
Event: 167.910 Executing VM operation: Cleanup done

Memory protections (20 events):
Event: 80.186 Protecting memory [0x00007f4606d00000,0x00007f4606d04000] with protection modes 0
Event: 80.187 Protecting memory [0x00007f4606c00000,0x00007f4606c04000] with protection modes 0
Event: 113.212 Protecting memory [0x00007f4606b00000,0x00007f4606b04000] with protection modes 0
Event: 113.758 Protecting memory [0x00007f4606a00000,0x00007f4606a04000] with protection modes 0
Event: 116.490 Protecting memory [0x00007f4606900000,0x00007f4606904000] with protection modes 0
Event: 116.803 Protecting memory [0x00007f4606800000,0x00007f4606804000] with protection modes 0
Event: 116.891 Protecting memory [0x00007f4606700000,0x00007f4606704000] with protection modes 0
Event: 118.110 Protecting memory [0x00007f4606600000,0x00007f4606604000] with protection modes 0
Event: 118.111 Protecting memory [0x00007f4606500000,0x00007f4606504000] with protection modes 0
Event: 118.111 Protecting memory [0x00007f4606400000,0x00007f4606404000] with protection modes 0
Event: 118.112 Protecting memory [0x00007f4606300000,0x00007f4606304000] with protection modes 0
Event: 118.112 Protecting memory [0x00007f4606200000,0x00007f4606204000] with protection modes 0
Event: 118.113 Protecting memory [0x00007f4606100000,0x00007f4606104000] with protection modes 0
Event: 118.114 Protecting memory [0x00007f4606000000,0x00007f4606004000] with protection modes 0
Event: 120.041 Protecting memory [0x00007f4605f00000,0x00007f4605f04000] with protection modes 0
Event: 120.309 Protecting memory [0x00007f4605e00000,0x00007f4605e04000] with protection modes 0
Event: 120.340 Protecting memory [0x00007f4605d00000,0x00007f4605d04000] with protection modes 0
Event: 124.614 Protecting memory [0x00007f4605c00000,0x00007f4605c04000] with protection modes 0
Event: 129.659 Protecting memory [0x00007f4605c00000,0x00007f4605c04000] with protection modes 0
Event: 130.500 Protecting memory [0x00007f4605b00000,0x00007f4605b04000] with protection modes 0

Nmethod flushes (20 events):
Event: 136.518 Thread 0x00007f47940eaae0 flushing  nmethod 0x00007f476d83bb90
Event: 136.518 Thread 0x00007f47940eaae0 flushing  nmethod 0x00007f476d83c690
Event: 136.518 Thread 0x00007f47940eaae0 flushing  nmethod 0x00007f476d83cd90
Event: 136.518 Thread 0x00007f47940eaae0 flushing  nmethod 0x00007f476d83d490
Event: 136.518 Thread 0x00007f47940eaae0 flushing  nmethod 0x00007f476d851090
Event: 136.518 Thread 0x00007f47940eaae0 flushing  nmethod 0x00007f476d857610
Event: 136.518 Thread 0x00007f47940eaae0 flushing  nmethod 0x00007f476d858210
Event: 136.518 Thread 0x00007f47940eaae0 flushing  nmethod 0x00007f476d85dd90
Event: 136.518 Thread 0x00007f47940eaae0 flushing  nmethod 0x00007f476d85e610
Event: 136.518 Thread 0x00007f47940eaae0 flushing  nmethod 0x00007f476d85f190
Event: 136.518 Thread 0x00007f47940eaae0 flushing  nmethod 0x00007f476d861490
Event: 136.518 Thread 0x00007f47940eaae0 flushing  nmethod 0x00007f476d862590
Event: 136.518 Thread 0x00007f47940eaae0 flushing  nmethod 0x00007f476d864290
Event: 136.518 Thread 0x00007f47940eaae0 flushing  nmethod 0x00007f476d8d9690
Event: 136.518 Thread 0x00007f47940eaae0 flushing  nmethod 0x00007f476d8da210
Event: 136.518 Thread 0x00007f47940eaae0 flushing  nmethod 0x00007f476d8da890
Event: 136.518 Thread 0x00007f47940eaae0 flushing  nmethod 0x00007f476d8dbf10
Event: 136.518 Thread 0x00007f47940eaae0 flushing  nmethod 0x00007f476d8dc310
Event: 136.518 Thread 0x00007f47940eaae0 flushing  nmethod 0x00007f476d8de290
Event: 136.518 Thread 0x00007f47940eaae0 flushing  nmethod 0x00007f476d8fdb90

Events (20 events):
Event: 80.187 Thread 0x00007f4630036b60 Thread added: 0x00007f468c00f660
Event: 113.212 Thread 0x00007f47940fcb30 Thread added: 0x00007f46d08d2710
Event: 113.758 Thread 0x00007f4628016880 Thread added: 0x00007f462c0437e0
Event: 116.489 Thread 0x00007f4628018800 Thread added: 0x00007f462402e820
Event: 116.800 Thread 0x00007f462803db20 Thread added: 0x00007f4640012330
Event: 116.891 Thread 0x00007f462803c3b0 Thread added: 0x00007f463408f3a0
Event: 118.110 Thread 0x00007f46984e74d0 Thread added: 0x00007f474c008e70
Event: 118.110 Thread 0x00007f462411fd80 Thread added: 0x00007f46a0051e80
Event: 118.111 Thread 0x00007f462803db20 Thread added: 0x00007f46400195c0
Event: 118.112 Thread 0x00007f46989a0690 Thread added: 0x00007f4754017640
Event: 118.112 Thread 0x00007f46995537c0 Thread added: 0x00007f46e00f12b0
Event: 118.113 Thread 0x00007f4699275380 Thread added: 0x00007f46c400c9d0
Event: 118.114 Thread 0x00007f4699277780 Thread added: 0x00007f46cc44a770
Event: 120.040 Thread 0x00007f462803db20 Thread added: 0x00007f4640078880
Event: 120.309 Thread 0x00007f46992682b0 Thread added: 0x00007f462801fc80
Event: 120.337 Thread 0x00007f4628015260 Thread added: 0x00007f463003dee0
Event: 124.614 Thread 0x00007f4640078880 Thread added: 0x00007f46ccd65370
Event: 128.847 Thread 0x00007f46ccd65370 Thread exited: 0x00007f46ccd65370
Event: 129.658 Thread 0x00007f4640078880 Thread added: 0x00007f46ccb3e510
Event: 130.499 Thread 0x00007f4640078880 Thread added: 0x00007f46cca09a00


Dynamic libraries:
600000000-64b000000 rw-p 00000000 00:00 0 
64b000000-7ff000000 ---p 00000000 00:00 0 
7ff000000-7ffc00000 rw-p 00000000 00:00 0 
7ffc00000-7ffd0d000 rw-p 00cdf000 00:23 201408                           /home/norbs/.sdkman/candidates/java/21.0.8-tem/lib/server/classes.jsa
7ffd0d000-800000000 rw-p 00000000 00:00 0 
5589f35e0000-5589f35e1000 r-xp 00000000 00:23 201582                     /home/norbs/.sdkman/candidates/java/21.0.8-tem/bin/java
5589f35e2000-5589f35e3000 r--p 00001000 00:23 201582                     /home/norbs/.sdkman/candidates/java/21.0.8-tem/bin/java
5589f35e3000-5589f35e4000 rw-p 00002000 00:23 201582                     /home/norbs/.sdkman/candidates/java/21.0.8-tem/bin/java
5589ffa2d000-5589ffa74000 rw-p 00000000 00:00 0                          [heap]
7f45fc000000-7f45fc3e0000 rw-p 00000000 00:00 0 
7f45fc3e0000-7f45fc400000 rw-p 00000000 00:00 0 
7f45fc400000-7f45fd100000 rw-p 00000000 00:00 0 
7f45fd100000-7f45fd110000 rw-p 00000000 00:00 0 
7f45fd110000-7f45fd200000 ---p 00000000 00:00 0 
7f45fd200000-7f45fd320000 rw-p 00000000 00:00 0 
7f45fd320000-7f4600000000 ---p 00000000 00:00 0 
7f4600000000-7f46007ca000 rw-p 00000000 00:00 0 
7f46007ca000-7f4604000000 ---p 00000000 00:00 0 
7f4605718000-7f4605819000 rw-p 00000000 00:00 0 
7f4605819000-7f4605b00000 rw-p 00000000 00:00 0 
7f4605b00000-7f4605b04000 ---p 00000000 00:00 0 
7f4605b04000-7f4605c00000 rw-p 00000000 00:00 0 
7f4605c00000-7f4605c04000 ---p 00000000 00:00 0 
7f4605c04000-7f4605d00000 rw-p 00000000 00:00 0 
7f4605d00000-7f4605d04000 ---p 00000000 00:00 0 
7f4605d04000-7f4605e00000 rw-p 00000000 00:00 0 
7f4605e00000-7f4605e04000 ---p 00000000 00:00 0 
7f4605e04000-7f4605f00000 rw-p 00000000 00:00 0 
7f4605f00000-7f4605f04000 ---p 00000000 00:00 0 
7f4605f04000-7f4606000000 rw-p 00000000 00:00 0 
7f4606000000-7f4606004000 ---p 00000000 00:00 0 
7f4606004000-7f4606100000 rw-p 00000000 00:00 0 
7f4606100000-7f4606104000 ---p 00000000 00:00 0 
7f4606104000-7f4606200000 rw-p 00000000 00:00 0 
7f4606200000-7f4606204000 ---p 00000000 00:00 0 
7f4606204000-7f4606300000 rw-p 00000000 00:00 0 
7f4606300000-7f4606304000 ---p 00000000 00:00 0 
7f4606304000-7f4606400000 rw-p 00000000 00:00 0 
7f4606400000-7f4606404000 ---p 00000000 00:00 0 
7f4606404000-7f4606500000 rw-p 00000000 00:00 0 
7f4606500000-7f4606504000 ---p 00000000 00:00 0 
7f4606504000-7f4606600000 rw-p 00000000 00:00 0 
7f4606600000-7f4606604000 ---p 00000000 00:00 0 
7f4606604000-7f4606700000 rw-p 00000000 00:00 0 
7f4606700000-7f4606704000 ---p 00000000 00:00 0 
7f4606704000-7f4606800000 rw-p 00000000 00:00 0 
7f4606800000-7f4606804000 ---p 00000000 00:00 0 
7f4606804000-7f4606900000 rw-p 00000000 00:00 0 
7f4606900000-7f4606904000 ---p 00000000 00:00 0 
7f4606904000-7f4606a00000 rw-p 00000000 00:00 0 
7f4606a00000-7f4606a04000 ---p 00000000 00:00 0 
7f4606a04000-7f4606b00000 rw-p 00000000 00:00 0 
7f4606b00000-7f4606b04000 ---p 00000000 00:00 0 
7f4606b04000-7f4606c00000 rw-p 00000000 00:00 0 
7f4606c00000-7f4606c04000 ---p 00000000 00:00 0 
7f4606c04000-7f4606d00000 rw-p 00000000 00:00 0 
7f4606d00000-7f4606d04000 ---p 00000000 00:00 0 
7f4606d04000-7f4606e00000 rw-p 00000000 00:00 0 
7f4606e00000-7f4606e04000 ---p 00000000 00:00 0 
7f4606e04000-7f4606f00000 rw-p 00000000 00:00 0 
7f4606f00000-7f4606f04000 ---p 00000000 00:00 0 
7f4606f04000-7f4607000000 rw-p 00000000 00:00 0 
7f4607000000-7f4607004000 ---p 00000000 00:00 0 
7f4607004000-7f4607100000 rw-p 00000000 00:00 0 
7f4607100000-7f4607104000 ---p 00000000 00:00 0 
7f4607104000-7f4607200000 rw-p 00000000 00:00 0 
7f4607200000-7f4607204000 ---p 00000000 00:00 0 
7f4607204000-7f4607300000 rw-p 00000000 00:00 0 
7f4607300000-7f4607304000 ---p 00000000 00:00 0 
7f4607304000-7f4607400000 rw-p 00000000 00:00 0 
7f4607400000-7f4607404000 ---p 00000000 00:00 0 
7f4607404000-7f4607500000 rw-p 00000000 00:00 0 
7f4607500000-7f4607504000 ---p 00000000 00:00 0 
7f4607504000-7f4607600000 rw-p 00000000 00:00 0 
7f4607600000-7f4607604000 ---p 00000000 00:00 0 
7f4607604000-7f4607700000 rw-p 00000000 00:00 0 
7f4607700000-7f4607704000 ---p 00000000 00:00 0 
7f4607704000-7f4607800000 rw-p 00000000 00:00 0 
7f4607800000-7f4607804000 ---p 00000000 00:00 0 
7f4607804000-7f4607900000 rw-p 00000000 00:00 0 
7f4607900000-7f4607904000 ---p 00000000 00:00 0 
7f4607904000-7f4607a00000 rw-p 00000000 00:00 0 
7f4607a00000-7f4607a04000 ---p 00000000 00:00 0 
7f4607a04000-7f4607b00000 rw-p 00000000 00:00 0 
7f4607b00000-7f4607b04000 ---p 00000000 00:00 0 
7f4607b04000-7f4607c00000 rw-p 00000000 00:00 0 
7f4607c00000-7f4607c04000 ---p 00000000 00:00 0 
7f4607c04000-7f4607d00000 rw-p 00000000 00:00 0 
7f4607d00000-7f4607d04000 ---p 00000000 00:00 0 
7f4607d04000-7f4607e00000 rw-p 00000000 00:00 0 
7f4607e00000-7f4607e04000 ---p 00000000 00:00 0 
7f4607e04000-7f4607f00000 rw-p 00000000 00:00 0 
7f4607f00000-7f4607f04000 ---p 00000000 00:00 0 
7f4607f04000-7f4608000000 rw-p 00000000 00:00 0 
7f4608000000-7f4608100000 rw-p 00000000 00:00 0 
7f4608100000-7f4608200000 rw-p 00000000 00:00 0 
7f4608200000-7f4608900000 rw-p 00000000 00:00 0 
7f4608900000-7f4608a00000 rw-p 00000000 00:00 0 
7f4608a00000-7f460a100000 rw-p 00000000 00:00 0 
7f460a100000-7f460a200000 rw-p 00000000 00:00 0 
7f460a200000-7f460a700000 rw-p 00000000 00:00 0 
7f460a700000-7f460aee0000 rw-p 00000000 00:00 0 
7f460aee0000-7f460afe0000 rw-p 00000000 00:00 0 
7f460afe0000-7f460c000000 rw-p 00000000 00:00 0 
7f460c000000-7f460c03b000 rw-p 00000000 00:00 0 
7f460c03b000-7f4610000000 ---p 00000000 00:00 0 
7f4610000000-7f4610041000 rw-p 00000000 00:00 0 
7f4610041000-7f4614000000 ---p 00000000 00:00 0 
7f4614000000-7f461402e000 rw-p 00000000 00:00 0 
7f461402e000-7f4618000000 ---p 00000000 00:00 0 
7f4618000000-7f4618024000 rw-p 00000000 00:00 0 
7f4618024000-7f461c000000 ---p 00000000 00:00 0 
7f461c000000-7f461c04c000 rw-p 00000000 00:00 0 
7f461c04c000-7f4620000000 ---p 00000000 00:00 0 
7f4620000000-7f4620023000 rw-p 00000000 00:00 0 
7f4620023000-7f4624000000 ---p 00000000 00:00 0 
7f4624000000-7f46244dd000 rw-p 00000000 00:00 0 
7f46244dd000-7f4628000000 ---p 00000000 00:00 0 
7f4628000000-7f4628488000 rw-p 00000000 00:00 0 
7f4628488000-7f462c000000 ---p 00000000 00:00 0 
7f462c000000-7f462c096000 rw-p 00000000 00:00 0 
7f462c096000-7f4630000000 ---p 00000000 00:00 0 
7f4630000000-7f46308da000 rw-p 00000000 00:00 0 
7f46308da000-7f4634000000 ---p 00000000 00:00 0 
7f4634000000-7f46340a1000 rw-p 00000000 00:00 0 
7f46340a1000-7f4638000000 ---p 00000000 00:00 0 
7f4638000000-7f4638059000 rw-p 00000000 00:00 0 
7f4638059000-7f463c000000 ---p 00000000 00:00 0 
7f463c000000-7f463c09e000 rw-p 00000000 00:00 0 
7f463c09e000-7f4640000000 ---p 00000000 00:00 0 
7f4640000000-7f4640092000 rw-p 00000000 00:00 0 
7f4640092000-7f4644000000 ---p 00000000 00:00 0 
7f4644000000-7f4646143000 rw-p 00000000 00:00 0 
7f4646143000-7f4648000000 ---p 00000000 00:00 0 
7f4648000000-7f464803c000 rw-p 00000000 00:00 0 
7f464803c000-7f464c000000 ---p 00000000 00:00 0 
7f464c000000-7f464c05c000 rw-p 00000000 00:00 0 
7f464c05c000-7f4650000000 ---p 00000000 00:00 0 
7f4650000000-7f4650050000 rw-p 00000000 00:00 0 
7f4650050000-7f4654000000 ---p 00000000 00:00 0 
7f4654000000-7f4654048000 rw-p 00000000 00:00 0 
7f4654048000-7f4658000000 ---p 00000000 00:00 0 
7f4658000000-7f4659e9c000 rw-p 00000000 00:00 0 
7f4659e9c000-7f465c000000 ---p 00000000 00:00 0 
7f465c000000-7f465d47c000 rw-p 00000000 00:00 0 
7f465d47c000-7f4660000000 ---p 00000000 00:00 0 
7f4660000000-7f466004d000 rw-p 00000000 00:00 0 
7f466004d000-7f4664000000 ---p 00000000 00:00 0 
7f4664000000-7f4664021000 rw-p 00000000 00:00 0 
7f4664021000-7f4668000000 ---p 00000000 00:00 0 
7f4668000000-7f466802e000 rw-p 00000000 00:00 0 
7f466802e000-7f466c000000 ---p 00000000 00:00 0 
7f466c000000-7f466c6a7000 rw-p 00000000 00:00 0 
7f466c6a7000-7f4670000000 ---p 00000000 00:00 0 
7f4670000000-7f4670021000 rw-p 00000000 00:00 0 
7f4670021000-7f4674000000 ---p 00000000 00:00 0 
7f4674000000-7f467402c000 rw-p 00000000 00:00 0 
7f467402c000-7f4678000000 ---p 00000000 00:00 0 
7f4678000000-7f4678043000 rw-p 00000000 00:00 0 
7f4678043000-7f467c000000 ---p 00000000 00:00 0 
7f467c000000-7f467c029000 rw-p 00000000 00:00 0 
7f467c029000-7f4680000000 ---p 00000000 00:00 0 
7f4680000000-7f468002a000 rw-p 00000000 00:00 0 
7f468002a000-7f4684000000 ---p 00000000 00:00 0 
7f4684000000-7f4684039000 rw-p 00000000 00:00 0 
7f4684039000-7f4688000000 ---p 00000000 00:00 0 
7f4688000000-7f468802a000 rw-p 00000000 00:00 0 
7f468802a000-7f468c000000 ---p 00000000 00:00 0 
7f468c000000-7f468c02a000 rw-p 00000000 00:00 0 
7f468c02a000-7f4690000000 ---p 00000000 00:00 0 
7f4690000000-7f4690047000 rw-p 00000000 00:00 0 
7f4690047000-7f4694000000 ---p 00000000 00:00 0 
7f4694000000-7f4694025000 rw-p 00000000 00:00 0 
7f4694025000-7f4698000000 ---p 00000000 00:00 0 
7f4698000000-7f469c000000 rw-p 00000000 00:00 0 
7f469c000000-7f469e270000 rw-p 00000000 00:00 0 
7f469e270000-7f46a0000000 ---p 00000000 00:00 0 
7f46a0000000-7f46a0083000 rw-p 00000000 00:00 0 
7f46a0083000-7f46a4000000 ---p 00000000 00:00 0 
7f46a4000000-7f46a4069000 rw-p 00000000 00:00 0 
7f46a4069000-7f46a8000000 ---p 00000000 00:00 0 
7f46a8000000-7f46a8117000 rw-p 00000000 00:00 0 
7f46a8117000-7f46ac000000 ---p 00000000 00:00 0 
7f46ac000000-7f46ac043000 rw-p 00000000 00:00 0 
7f46ac043000-7f46b0000000 ---p 00000000 00:00 0 
7f46b0000000-7f46b0021000 rw-p 00000000 00:00 0 
7f46b0021000-7f46b4000000 ---p 00000000 00:00 0 
7f46b4000000-7f46b4050000 rw-p 00000000 00:00 0 
7f46b4050000-7f46b8000000 ---p 00000000 00:00 0 
7f46b8000000-7f46b80be000 rw-p 00000000 00:00 0 
7f46b80be000-7f46bc000000 ---p 00000000 00:00 0 
7f46bc000000-7f46bc051000 rw-p 00000000 00:00 0 
7f46bc051000-7f46c0000000 ---p 00000000 00:00 0 
7f46c0000000-7f46c00d5000 rw-p 00000000 00:00 0 
7f46c00d5000-7f46c4000000 ---p 00000000 00:00 0 
7f46c4000000-7f46c4080000 rw-p 00000000 00:00 0 
7f46c4080000-7f46c8000000 ---p 00000000 00:00 0 
7f46c8000000-7f46c8033000 rw-p 00000000 00:00 0 
7f46c8033000-7f46cc000000 ---p 00000000 00:00 0 
7f46cc000000-7f46ce0b2000 rw-p 00000000 00:00 0 
7f46ce0b2000-7f46d0000000 ---p 00000000 00:00 0 
7f46d0000000-7f46d11cd000 rw-p 00000000 00:00 0 
7f46d11cd000-7f46d4000000 ---p 00000000 00:00 0 
7f46d4000000-7f46d409d000 rw-p 00000000 00:00 0 
7f46d409d000-7f46d8000000 ---p 00000000 00:00 0 
7f46d8000000-7f46d8036000 rw-p 00000000 00:00 0 
7f46d8036000-7f46dc000000 ---p 00000000 00:00 0 
7f46dc000000-7f46dc021000 rw-p 00000000 00:00 0 
7f46dc021000-7f46e0000000 ---p 00000000 00:00 0 
7f46e0000000-7f46e0103000 rw-p 00000000 00:00 0 
7f46e0103000-7f46e4000000 ---p 00000000 00:00 0 
7f46e4000000-7f46e4025000 rw-p 00000000 00:00 0 
7f46e4025000-7f46e8004000 ---p 00000000 00:00 0 
7f46e8004000-7f46e8100000 rw-p 00000000 00:00 0 
7f46e8100000-7f46e8104000 ---p 00000000 00:00 0 
7f46e8104000-7f46e8200000 rw-p 00000000 00:00 0 
7f46e8200000-7f46e8204000 ---p 00000000 00:00 0 
7f46e8204000-7f46e8300000 rw-p 00000000 00:00 0 
7f46e8300000-7f46e8304000 ---p 00000000 00:00 0 
7f46e8304000-7f46e8400000 rw-p 00000000 00:00 0 
7f46e8400000-7f46e8404000 ---p 00000000 00:00 0 
7f46e8404000-7f46e8500000 rw-p 00000000 00:00 0 
7f46e8500000-7f46e8504000 ---p 00000000 00:00 0 
7f46e8504000-7f46e8600000 rw-p 00000000 00:00 0 
7f46e8600000-7f46e8604000 ---p 00000000 00:00 0 
7f46e8604000-7f46e8700000 rw-p 00000000 00:00 0 
7f46e8700000-7f46e8704000 ---p 00000000 00:00 0 
7f46e8704000-7f46e8800000 rw-p 00000000 00:00 0 
7f46e8800000-7f46e8804000 ---p 00000000 00:00 0 
7f46e8804000-7f46e8900000 rw-p 00000000 00:00 0 
7f46e8900000-7f46e8904000 ---p 00000000 00:00 0 
7f46e8904000-7f46e8a00000 rw-p 00000000 00:00 0 
7f46e8a00000-7f46e8a04000 ---p 00000000 00:00 0 
7f46e8a04000-7f46e8b00000 rw-p 00000000 00:00 0 
7f46e8b00000-7f46e8b04000 ---p 00000000 00:00 0 
7f46e8b04000-7f46e8c00000 rw-p 00000000 00:00 0 
7f46e8c00000-7f46e8c04000 ---p 00000000 00:00 0 
7f46e8c04000-7f46e8d00000 rw-p 00000000 00:00 0 
7f46e8d00000-7f46e8d04000 ---p 00000000 00:00 0 
7f46e8d04000-7f46e8e00000 rw-p 00000000 00:00 0 
7f46e8e00000-7f46e8e04000 ---p 00000000 00:00 0 
7f46e8e04000-7f46e8f00000 rw-p 00000000 00:00 0 
7f46e8f00000-7f46e8f04000 ---p 00000000 00:00 0 
7f46e8f04000-7f46e9000000 rw-p 00000000 00:00 0 
7f46e9000000-7f46e9004000 ---p 00000000 00:00 0 
7f46e9004000-7f46e9100000 rw-p 00000000 00:00 0 
7f46e9100000-7f46e9104000 ---p 00000000 00:00 0 
7f46e9104000-7f46e9200000 rw-p 00000000 00:00 0 
7f46e9200000-7f46e9204000 ---p 00000000 00:00 0 
7f46e9204000-7f46e9300000 rw-p 00000000 00:00 0 
7f46e9300000-7f46e9304000 ---p 00000000 00:00 0 
7f46e9304000-7f46e9400000 rw-p 00000000 00:00 0 
7f46e9400000-7f46e9404000 ---p 00000000 00:00 0 
7f46e9404000-7f46e9500000 rw-p 00000000 00:00 0 
7f46e9500000-7f46e9504000 ---p 00000000 00:00 0 
7f46e9504000-7f46e9600000 rw-p 00000000 00:00 0 
7f46e9600000-7f46e9604000 ---p 00000000 00:00 0 
7f46e9604000-7f46e9700000 rw-p 00000000 00:00 0 
7f46e9700000-7f46e9704000 ---p 00000000 00:00 0 
7f46e9704000-7f46e9800000 rw-p 00000000 00:00 0 
7f46e9800000-7f46e9804000 ---p 00000000 00:00 0 
7f46e9804000-7f46e9900000 rw-p 00000000 00:00 0 
7f46e9900000-7f46e9904000 ---p 00000000 00:00 0 
7f46e9904000-7f46e9a00000 rw-p 00000000 00:00 0 
7f46e9a00000-7f46e9a04000 ---p 00000000 00:00 0 
7f46e9a04000-7f46e9b00000 rw-p 00000000 00:00 0 
7f46e9b00000-7f46e9b04000 ---p 00000000 00:00 0 
7f46e9b04000-7f46e9c00000 rw-p 00000000 00:00 0 
7f46e9c00000-7f46e9c04000 ---p 00000000 00:00 0 
7f46e9c04000-7f46e9d00000 rw-p 00000000 00:00 0 
7f46e9d00000-7f46e9d04000 ---p 00000000 00:00 0 
7f46e9d04000-7f46e9e00000 rw-p 00000000 00:00 0 
7f46e9e00000-7f46e9e04000 ---p 00000000 00:00 0 
7f46e9e04000-7f46e9f00000 rw-p 00000000 00:00 0 
7f46e9f00000-7f46e9f04000 ---p 00000000 00:00 0 
7f46e9f04000-7f46ea000000 rw-p 00000000 00:00 0 
7f46ea000000-7f46f7e92000 r--p 00000000 00:23 22218                      /usr/lib/locale/locale-archive
7f46f7f00000-7f46f7f04000 ---p 00000000 00:00 0 
7f46f7f04000-7f46f8000000 rw-p 00000000 00:00 0 
7f46f8000000-7f46f80fc000 rw-p 00000000 00:00 0 
7f46f80fc000-7f46fc004000 ---p 00000000 00:00 0 
7f46fc004000-7f46fc100000 rw-p 00000000 00:00 0 
7f46fc100000-7f46fc104000 ---p 00000000 00:00 0 
7f46fc104000-7f46fc200000 rw-p 00000000 00:00 0 
7f46fc200000-7f46fc204000 ---p 00000000 00:00 0 
7f46fc204000-7f46fc300000 rw-p 00000000 00:00 0 
7f46fc300000-7f46fc304000 ---p 00000000 00:00 0 
7f46fc304000-7f46fc400000 rw-p 00000000 00:00 0 
7f46fc400000-7f46fc404000 ---p 00000000 00:00 0 
7f46fc404000-7f46fc500000 rw-p 00000000 00:00 0 
7f46fc500000-7f46fc504000 ---p 00000000 00:00 0 
7f46fc504000-7f46fc600000 rw-p 00000000 00:00 0 
7f46fc600000-7f46fc604000 ---p 00000000 00:00 0 
7f46fc604000-7f46fc700000 rw-p 00000000 00:00 0 
7f46fc700000-7f46fc704000 ---p 00000000 00:00 0 
7f46fc704000-7f46fc800000 rw-p 00000000 00:00 0 
7f46fc800000-7f46fc804000 ---p 00000000 00:00 0 
7f46fc804000-7f46fc900000 rw-p 00000000 00:00 0 
7f46fc900000-7f46fc904000 ---p 00000000 00:00 0 
7f46fc904000-7f46fca00000 rw-p 00000000 00:00 0 
7f46fca00000-7f46fca04000 ---p 00000000 00:00 0 
7f46fca04000-7f46fcb00000 rw-p 00000000 00:00 0 
7f46fcb00000-7f46fcb04000 ---p 00000000 00:00 0 
7f46fcb04000-7f46fcc00000 rw-p 00000000 00:00 0 
7f46fcc00000-7f46fcc04000 ---p 00000000 00:00 0 
7f46fcc04000-7f46fcd00000 rw-p 00000000 00:00 0 
7f46fcd00000-7f46fcd04000 ---p 00000000 00:00 0 
7f46fcd04000-7f46fce00000 rw-p 00000000 00:00 0 
7f46fce00000-7f46fce04000 ---p 00000000 00:00 0 
7f46fce04000-7f46fcf00000 rw-p 00000000 00:00 0 
7f46fcf00000-7f46fcf04000 ---p 00000000 00:00 0 
7f46fcf04000-7f46fd000000 rw-p 00000000 00:00 0 
7f46fd000000-7f46fd004000 ---p 00000000 00:00 0 
7f46fd004000-7f46fd100000 rw-p 00000000 00:00 0 
7f46fd100000-7f46fd104000 ---p 00000000 00:00 0 
7f46fd104000-7f46fd200000 rw-p 00000000 00:00 0 
7f46fd200000-7f46fd204000 ---p 00000000 00:00 0 
7f46fd204000-7f46fd300000 rw-p 00000000 00:00 0 
7f46fd300000-7f46fd304000 ---p 00000000 00:00 0 
7f46fd304000-7f46fd400000 rw-p 00000000 00:00 0 
7f46fd400000-7f46fd404000 ---p 00000000 00:00 0 
7f46fd404000-7f46fd500000 rw-p 00000000 00:00 0 
7f46fd500000-7f46fd504000 ---p 00000000 00:00 0 
7f46fd504000-7f46fd600000 rw-p 00000000 00:00 0 
7f46fd600000-7f46fd604000 ---p 00000000 00:00 0 
7f46fd604000-7f46fd700000 rw-p 00000000 00:00 0 
7f46fd700000-7f46fd704000 ---p 00000000 00:00 0 
7f46fd704000-7f46fd800000 rw-p 00000000 00:00 0 
7f46fd800000-7f46fd804000 ---p 00000000 00:00 0 
7f46fd804000-7f46fd900000 rw-p 00000000 00:00 0 
7f46fd900000-7f46fd904000 ---p 00000000 00:00 0 
7f46fd904000-7f46fda00000 rw-p 00000000 00:00 0 
7f46fda00000-7f46fda04000 ---p 00000000 00:00 0 
7f46fda04000-7f46fdb00000 rw-p 00000000 00:00 0 
7f46fdb00000-7f46fdb04000 ---p 00000000 00:00 0 
7f46fdb04000-7f46fdc00000 rw-p 00000000 00:00 0 
7f46fdc00000-7f46fdc04000 ---p 00000000 00:00 0 
7f46fdc04000-7f46fdd00000 rw-p 00000000 00:00 0 
7f46fdd00000-7f46fdd04000 ---p 00000000 00:00 0 
7f46fdd04000-7f46fde00000 rw-p 00000000 00:00 0 
7f46fde00000-7f46fde04000 ---p 00000000 00:00 0 
7f46fde04000-7f46fdf00000 rw-p 00000000 00:00 0 
7f46fdf00000-7f46fdf04000 ---p 00000000 00:00 0 
7f46fdf04000-7f46fe000000 rw-p 00000000 00:00 0 
7f46fe000000-7f46fe004000 ---p 00000000 00:00 0 
7f46fe004000-7f46fe100000 rw-p 00000000 00:00 0 
7f46fe100000-7f46fe104000 ---p 00000000 00:00 0 
7f46fe104000-7f46fe200000 rw-p 00000000 00:00 0 
7f46fe200000-7f46fe204000 ---p 00000000 00:00 0 
7f46fe204000-7f46fe300000 rw-p 00000000 00:00 0 
7f46fe300000-7f46fe304000 ---p 00000000 00:00 0 
7f46fe304000-7f46fe400000 rw-p 00000000 00:00 0 
7f46fe400000-7f46fe404000 ---p 00000000 00:00 0 
7f46fe404000-7f46fe500000 rw-p 00000000 00:00 0 
7f46fe500000-7f46fe504000 ---p 00000000 00:00 0 
7f46fe504000-7f46fe600000 rw-p 00000000 00:00 0 
7f46fe600000-7f46fe604000 ---p 00000000 00:00 0 
7f46fe604000-7f46fe700000 rw-p 00000000 00:00 0 
7f46fe700000-7f46fe704000 ---p 00000000 00:00 0 
7f46fe704000-7f46fe800000 rw-p 00000000 00:00 0 
7f46fe800000-7f46fe804000 ---p 00000000 00:00 0 
7f46fe804000-7f46fe900000 rw-p 00000000 00:00 0 
7f46fe900000-7f46fe904000 ---p 00000000 00:00 0 
7f46fe904000-7f46fea00000 rw-p 00000000 00:00 0 
7f46fea00000-7f46fea04000 ---p 00000000 00:00 0 
7f46fea04000-7f46feb00000 rw-p 00000000 00:00 0 
7f46feb00000-7f46feb04000 ---p 00000000 00:00 0 
7f46feb04000-7f46fec00000 rw-p 00000000 00:00 0 
7f46fec00000-7f46fec04000 ---p 00000000 00:00 0 
7f46fec04000-7f46fed00000 rw-p 00000000 00:00 0 
7f46fed00000-7f46fed04000 ---p 00000000 00:00 0 
7f46fed04000-7f46fee00000 rw-p 00000000 00:00 0 
7f46fee00000-7f46fee04000 ---p 00000000 00:00 0 
7f46fee04000-7f46fef00000 rw-p 00000000 00:00 0 
7f46fef00000-7f46fef04000 ---p 00000000 00:00 0 
7f46fef04000-7f46ff000000 rw-p 00000000 00:00 0 
7f46ff000000-7f46ff400000 rw-p 00000000 00:00 0 
7f46ff400000-7f46ff900000 rw-p 00000000 00:00 0 
7f46ff900000-7f46ffa00000 rw-p 00000000 00:00 0 
7f46ffa00000-7f46ffdc0000 rw-p 00000000 00:00 0 
7f46ffdc0000-7f46ffe00000 rw-p 00000000 00:00 0 
7f46ffe00000-7f4700180000 rw-p 00000000 00:00 0 
7f4700180000-7f4700200000 rw-p 00000000 00:00 0 
7f4700200000-7f4700d00000 rw-p 00000000 00:00 0 
7f4700d00000-7f4700e00000 rw-p 00000000 00:00 0 
7f4700e00000-7f4701800000 rw-p 00000000 00:00 0 
7f4701800000-7f4701980000 rw-p 00000000 00:00 0 
7f4701980000-7f4701a00000 rw-p 00000000 00:00 0 
7f4701a00000-7f4701f80000 rw-p 00000000 00:00 0 
7f4701f80000-7f4702100000 rw-p 00000000 00:00 0 
7f4702100000-7f4702b00000 rw-p 00000000 00:00 0 
7f4702b00000-7f4702c00000 rw-p 00000000 00:00 0 
7f4702c00000-7f4703000000 rw-p 00000000 00:00 0 
7f4703000000-7f4703ca0000 rw-p 00001000 00:23 201408                     /home/norbs/.sdkman/candidates/java/21.0.8-tem/lib/server/classes.jsa
7f4703ca0000-7f4704000000 ---p 00000000 00:00 0 
7f4704000000-7f4704040000 rw-p 00000000 00:00 0 
7f4704040000-7f4704080000 rw-p 00000000 00:00 0 
7f4704080000-7f4704140000 rw-p 00000000 00:00 0 
7f4704140000-7f4704180000 rw-p 00000000 00:00 0 
7f4704180000-7f4704580000 rw-p 00000000 00:00 0 
7f4704580000-7f4704940000 rw-p 00000000 00:00 0 
7f4704940000-7f4704980000 rw-p 00000000 00:00 0 
7f4704980000-7f4704d00000 rw-p 00000000 00:00 0 
7f4704d00000-7f47051e0000 rw-p 00000000 00:00 0 
7f47051e0000-7f4705200000 rw-p 00000000 00:00 0 
7f4705200000-7f4705820000 rw-p 00000000 00:00 0 
7f4705820000-7f4705840000 ---p 00000000 00:00 0 
7f4705840000-7f4705850000 rw-p 00000000 00:00 0 
7f4705850000-7f4744000000 ---p 00000000 00:00 0 
7f4744000000-7f4744027000 rw-p 00000000 00:00 0 
7f4744027000-7f4748000000 ---p 00000000 00:00 0 
7f4748000000-7f4748022000 rw-p 00000000 00:00 0 
7f4748022000-7f474c000000 ---p 00000000 00:00 0 
7f474c000000-7f474c02c000 rw-p 00000000 00:00 0 
7f474c02c000-7f4750000000 ---p 00000000 00:00 0 
7f47500fd000-7f4750101000 ---p 00000000 00:00 0 
7f4750101000-7f47501fd000 rw-p 00000000 00:00 0 
7f47501fd000-7f4750201000 ---p 00000000 00:00 0 
7f4750201000-7f47502fd000 rw-p 00000000 00:00 0 
7f47502fd000-7f4750301000 ---p 00000000 00:00 0 
7f4750301000-7f47503fd000 rw-p 00000000 00:00 0 
7f47503fd000-7f4750401000 ---p 00000000 00:00 0 
7f4750401000-7f47504fd000 rw-p 00000000 00:00 0 
7f47504fd000-7f4750501000 ---p 00000000 00:00 0 
7f4750501000-7f47505fd000 rw-p 00000000 00:00 0 
7f47505fd000-7f4750601000 ---p 00000000 00:00 0 
7f4750601000-7f47506fd000 rw-p 00000000 00:00 0 
7f47506fd000-7f4750701000 ---p 00000000 00:00 0 
7f4750701000-7f47507fd000 rw-p 00000000 00:00 0 
7f47507fd000-7f4750801000 ---p 00000000 00:00 0 
7f4750801000-7f47508fd000 rw-p 00000000 00:00 0 
7f47508fd000-7f4750901000 ---p 00000000 00:00 0 
7f4750901000-7f47509fd000 rw-p 00000000 00:00 0 
7f47509fd000-7f4750a01000 ---p 00000000 00:00 0 
7f4750a01000-7f4750afd000 rw-p 00000000 00:00 0 
7f4750afd000-7f4750b01000 ---p 00000000 00:00 0 
7f4750b01000-7f4750bfd000 rw-p 00000000 00:00 0 
7f4750bfd000-7f4750c01000 ---p 00000000 00:00 0 
7f4750c01000-7f4750cfd000 rw-p 00000000 00:00 0 
7f4750cfd000-7f4750d01000 ---p 00000000 00:00 0 
7f4750d01000-7f4750dfd000 rw-p 00000000 00:00 0 
7f4750dfd000-7f4750e01000 ---p 00000000 00:00 0 
7f4750e01000-7f4750efd000 rw-p 00000000 00:00 0 
7f4750efd000-7f4750f01000 ---p 00000000 00:00 0 
7f4750f01000-7f4750ffd000 rw-p 00000000 00:00 0 
7f4750ffd000-7f4751001000 ---p 00000000 00:00 0 
7f4751001000-7f47510fd000 rw-p 00000000 00:00 0 
7f47510fd000-7f4751101000 ---p 00000000 00:00 0 
7f4751101000-7f47511fd000 rw-p 00000000 00:00 0 
7f47511fd000-7f4751201000 ---p 00000000 00:00 0 
7f4751201000-7f47512fd000 rw-p 00000000 00:00 0 
7f47512fd000-7f4751301000 ---p 00000000 00:00 0 
7f4751301000-7f47513fd000 rw-p 00000000 00:00 0 
7f47513fd000-7f4751401000 ---p 00000000 00:00 0 
7f4751401000-7f47514fd000 rw-p 00000000 00:00 0 
7f47514fd000-7f4751501000 ---p 00000000 00:00 0 
7f4751501000-7f47515fd000 rw-p 00000000 00:00 0 
7f47515fd000-7f4751601000 ---p 00000000 00:00 0 
7f4751601000-7f4751a00000 rw-p 00000000 00:00 0 
7f4751a00000-7f4751a04000 ---p 00000000 00:00 0 
7f4751a04000-7f4751b00000 rw-p 00000000 00:00 0 
7f4751b00000-7f4751b04000 ---p 00000000 00:00 0 
7f4751b04000-7f4751c00000 rw-p 00000000 00:00 0 
7f4751c00000-7f4751c04000 ---p 00000000 00:00 0 
7f4751c04000-7f4751d00000 rw-p 00000000 00:00 0 
7f4751d00000-7f4751d04000 ---p 00000000 00:00 0 
7f4751d04000-7f4751e00000 rw-p 00000000 00:00 0 
7f4751e00000-7f4751e04000 ---p 00000000 00:00 0 
7f4751e04000-7f4751f00000 rw-p 00000000 00:00 0 
7f4751f00000-7f4751f04000 ---p 00000000 00:00 0 
7f4751f04000-7f4752000000 rw-p 00000000 00:00 0 
7f4752000000-7f475414a000 rw-p 00000000 00:00 0 
7f475414a000-7f4758000000 ---p 00000000 00:00 0 
7f4758000000-7f4758087000 rw-p 00000000 00:00 0 
7f4758087000-7f475c000000 ---p 00000000 00:00 0 
7f475c000000-7f475c049000 rw-p 00000000 00:00 0 
7f475c049000-7f4760004000 ---p 00000000 00:00 0 
7f4760004000-7f4760100000 rw-p 00000000 00:00 0 
7f4760100000-7f4760104000 ---p 00000000 00:00 0 
7f4760104000-7f4760200000 rw-p 00000000 00:00 0 
7f4760200000-7f4760204000 ---p 00000000 00:00 0 
7f4760204000-7f4760300000 rw-p 00000000 00:00 0 
7f4760300000-7f4760304000 ---p 00000000 00:00 0 
7f4760304000-7f4760400000 rw-p 00000000 00:00 0 
7f4760400000-7f4760404000 ---p 00000000 00:00 0 
7f4760404000-7f4760500000 rw-p 00000000 00:00 0 
7f4760500000-7f4760504000 ---p 00000000 00:00 0 
7f4760504000-7f4760600000 rw-p 00000000 00:00 0 
7f4760600000-7f4760605000 r-xp 00000000 00:23 480629                     /home/norbs/.gradle/native/660c5614fbf4a5f2a75b1949f50a0caf5cd603558e7d8a26e50b933a0cfb79d1/linux-amd64/libnative-platform.so
7f4760605000-7f4760805000 ---p 00005000 00:23 480629                     /home/norbs/.gradle/native/660c5614fbf4a5f2a75b1949f50a0caf5cd603558e7d8a26e50b933a0cfb79d1/linux-amd64/libnative-platform.so
7f4760805000-7f4760806000 r--p 00005000 00:23 480629                     /home/norbs/.gradle/native/660c5614fbf4a5f2a75b1949f50a0caf5cd603558e7d8a26e50b933a0cfb79d1/linux-amd64/libnative-platform.so
7f4760806000-7f4760807000 rw-p 00006000 00:23 480629                     /home/norbs/.gradle/native/660c5614fbf4a5f2a75b1949f50a0caf5cd603558e7d8a26e50b933a0cfb79d1/linux-amd64/libnative-platform.so
7f476086b000-7f476086f000 ---p 00000000 00:00 0 
7f476086f000-7f476096b000 rw-p 00000000 00:00 0 
7f476096b000-7f47609a7000 r--p 00000000 00:23 480651                     /home/norbs/.gradle/native/0.2.8/x86_64-linux-gnu/libgradle-fileevents.so
7f47609a7000-7f47609ef000 r-xp 0003b000 00:23 480651                     /home/norbs/.gradle/native/0.2.8/x86_64-linux-gnu/libgradle-fileevents.so
7f47609ef000-7f47609f8000 r--p 00082000 00:23 480651                     /home/norbs/.gradle/native/0.2.8/x86_64-linux-gnu/libgradle-fileevents.so
7f47609f8000-7f47609f9000 rw-p 0008a000 00:23 480651                     /home/norbs/.gradle/native/0.2.8/x86_64-linux-gnu/libgradle-fileevents.so
7f47609f9000-7f47609fb000 rw-p 00000000 00:00 0 
7f47609fb000-7f4760f00000 rw-p 00000000 00:00 0 
7f4760f00000-7f4760f04000 ---p 00000000 00:00 0 
7f4760f04000-7f4761000000 rw-p 00000000 00:00 0 
7f4761000000-7f4761004000 ---p 00000000 00:00 0 
7f4761004000-7f4761100000 rw-p 00000000 00:00 0 
7f4761100000-7f4761104000 ---p 00000000 00:00 0 
7f4761104000-7f4761200000 rw-p 00000000 00:00 0 
7f4761200000-7f4761204000 ---p 00000000 00:00 0 
7f4761204000-7f4761300000 rw-p 00000000 00:00 0 
7f4761300000-7f4761304000 ---p 00000000 00:00 0 
7f4761304000-7f4761400000 rw-p 00000000 00:00 0 
7f4761400000-7f4761404000 ---p 00000000 00:00 0 
7f4761404000-7f4761500000 rw-p 00000000 00:00 0 
7f4761500000-7f4761504000 ---p 00000000 00:00 0 
7f4761504000-7f4761600000 rw-p 00000000 00:00 0 
7f4761600000-7f4761604000 ---p 00000000 00:00 0 
7f4761604000-7f4761700000 rw-p 00000000 00:00 0 
7f4761700000-7f4761704000 ---p 00000000 00:00 0 
7f4761704000-7f4761800000 rw-p 00000000 00:00 0 
7f4761800000-7f4762ac0000 rw-p 00000000 00:00 0 
7f4762ac0000-7f47697c0000 ---p 00000000 00:00 0 
7f47697c0000-7f4769a58000 rw-p 00000000 00:00 0 
7f4769a58000-7f476a7f8000 ---p 00000000 00:00 0 
7f476a7f8000-7f476aa58000 rw-p 00000000 00:00 0 
7f476aa58000-7f476b7f8000 ---p 00000000 00:00 0 
7f476b7f8000-7f476b800000 rw-p 00000000 00:00 0 
7f476b800000-7f476e520000 rwxp 00000000 00:00 0 
7f476e520000-7f477b537000 ---p 00000000 00:00 0 
7f477b537000-7f477b7f7000 rwxp 00000000 00:00 0 
7f477b7f7000-7f477bac9000 ---p 00000000 00:00 0 
7f477bac9000-7f477c659000 rwxp 00000000 00:00 0 
7f477c659000-7f478b800000 ---p 00000000 00:00 0 
7f478b800000-7f4793f81000 r--s 00000000 00:23 201421                     /home/norbs/.sdkman/candidates/java/21.0.8-tem/lib/modules
7f4793f87000-7f4793f8b000 ---p 00000000 00:00 0 
7f4793f8b000-7f4793fa9000 rw-p 00000000 00:00 0 
7f4793fa9000-7f4793fad000 ---p 00000000 00:00 0 
7f4793fad000-7f4793fcb000 rw-p 00000000 00:00 0 
7f4793fcb000-7f4793fd2000 r--s 00000000 00:23 38428                      /usr/lib64/gconv/gconv-modules.cache
7f4793fd2000-7f4793fd7000 r-xp 00000000 00:23 201454                     /home/norbs/.sdkman/candidates/java/21.0.8-tem/lib/libmanagement_ext.so
7f4793fd7000-7f4793fd8000 ---p 00005000 00:23 201454                     /home/norbs/.sdkman/candidates/java/21.0.8-tem/lib/libmanagement_ext.so
7f4793fd8000-7f4793fd9000 r--p 00005000 00:23 201454                     /home/norbs/.sdkman/candidates/java/21.0.8-tem/lib/libmanagement_ext.so
7f4793fd9000-7f4793fda000 rw-p 00006000 00:23 201454                     /home/norbs/.sdkman/candidates/java/21.0.8-tem/lib/libmanagement_ext.so
7f4793fda000-7f4793fe7000 r-xp 00000000 00:23 201420                     /home/norbs/.sdkman/candidates/java/21.0.8-tem/lib/libverify.so
7f4793fe7000-7f4793fe9000 r--p 0000c000 00:23 201420                     /home/norbs/.sdkman/candidates/java/21.0.8-tem/lib/libverify.so
7f4793fe9000-7f4793fea000 rw-p 0000e000 00:23 201420                     /home/norbs/.sdkman/candidates/java/21.0.8-tem/lib/libverify.so
7f4793fea000-7f4793ffe000 r-xp 00000000 00:23 201472                     /home/norbs/.sdkman/candidates/java/21.0.8-tem/lib/libnio.so
7f4793ffe000-7f4793fff000 r--p 00013000 00:23 201472                     /home/norbs/.sdkman/candidates/java/21.0.8-tem/lib/libnio.so
7f4793fff000-7f4794000000 rw-p 00014000 00:23 201472                     /home/norbs/.sdkman/candidates/java/21.0.8-tem/lib/libnio.so
7f4794000000-7f4795497000 rw-p 00000000 00:00 0 
7f4795497000-7f4798000000 ---p 00000000 00:00 0 
7f4798002000-7f4798004000 r-xp 00000000 00:23 201433                     /home/norbs/.sdkman/candidates/java/21.0.8-tem/lib/libextnet.so
7f4798004000-7f4798005000 r--p 00001000 00:23 201433                     /home/norbs/.sdkman/candidates/java/21.0.8-tem/lib/libextnet.so
7f4798005000-7f4798006000 rw-p 00002000 00:23 201433                     /home/norbs/.sdkman/candidates/java/21.0.8-tem/lib/libextnet.so
7f4798006000-7f479800a000 r-xp 00000000 00:23 201459                     /home/norbs/.sdkman/candidates/java/21.0.8-tem/lib/libmanagement.so
7f479800a000-7f479800b000 r--p 00003000 00:23 201459                     /home/norbs/.sdkman/candidates/java/21.0.8-tem/lib/libmanagement.so
7f479800b000-7f479800c000 rw-p 00004000 00:23 201459                     /home/norbs/.sdkman/candidates/java/21.0.8-tem/lib/libmanagement.so
7f479800c000-7f4798027000 r-xp 00000000 00:23 201466                     /home/norbs/.sdkman/candidates/java/21.0.8-tem/lib/libzip.so
7f4798027000-7f4798028000 r--p 0001a000 00:23 201466                     /home/norbs/.sdkman/candidates/java/21.0.8-tem/lib/libzip.so
7f4798028000-7f4798029000 rw-p 0001b000 00:23 201466                     /home/norbs/.sdkman/candidates/java/21.0.8-tem/lib/libzip.so
7f4798029000-7f47980f7000 r-xp 00000000 00:23 201440                     /home/norbs/.sdkman/candidates/java/21.0.8-tem/lib/libjsvml.so
7f47980f7000-7f47980f8000 r--p 000cd000 00:23 201440                     /home/norbs/.sdkman/candidates/java/21.0.8-tem/lib/libjsvml.so
7f47980f8000-7f47980f9000 rw-p 000ce000 00:23 201440                     /home/norbs/.sdkman/candidates/java/21.0.8-tem/lib/libjsvml.so
7f47980f9000-7f47982fb000 rw-p 00000000 00:00 0 
7f47982fb000-7f47983d7000 rw-p 00000000 00:00 0 
7f4798418000-7f479861a000 rw-p 00000000 00:00 0 
7f479861a000-7f4798e22000 rw-p 00000000 00:00 0 
7f4798e22000-7f4799125000 rw-p 00000000 00:00 0 
7f4799125000-7f4799a0b000 rw-p 00000000 00:00 0 
7f4799a0b000-7f4799bee000 ---p 00000000 00:00 0 
7f4799bee000-7f4799c49000 rw-p 00000000 00:00 0 
7f4799c49000-7f4799de9000 ---p 00000000 00:00 0 
7f4799de9000-7f4799ded000 ---p 00000000 00:00 0 
7f4799ded000-7f4799ee9000 rw-p 00000000 00:00 0 
7f4799ee9000-7f4799f78000 r-xp 00000000 00:23 36744                      /usr/lib64/libm.so.6
7f4799f78000-7f4799ffe000 r--p 0008f000 00:23 36744                      /usr/lib64/libm.so.6
7f4799ffe000-7f4799fff000 r--p 00114000 00:23 36744                      /usr/lib64/libm.so.6
7f4799fff000-7f479a000000 rw-p 00115000 00:23 36744                      /usr/lib64/libm.so.6
7f479a000000-7f479b41b000 r-xp 00000000 00:23 201411                     /home/norbs/.sdkman/candidates/java/21.0.8-tem/lib/server/libjvm.so
7f479b41b000-7f479b41c000 ---p 0141b000 00:23 201411                     /home/norbs/.sdkman/candidates/java/21.0.8-tem/lib/server/libjvm.so
7f479b41c000-7f479b4f0000 r--p 0141b000 00:23 201411                     /home/norbs/.sdkman/candidates/java/21.0.8-tem/lib/server/libjvm.so
7f479b4f0000-7f479b520000 rw-p 014ef000 00:23 201411                     /home/norbs/.sdkman/candidates/java/21.0.8-tem/lib/server/libjvm.so
7f479b520000-7f479b586000 rw-p 00000000 00:00 0 
7f479b587000-7f479b593000 r-xp 00000000 00:23 201470                     /home/norbs/.sdkman/candidates/java/21.0.8-tem/lib/libnet.so
7f479b593000-7f479b594000 r--p 0000b000 00:23 201470                     /home/norbs/.sdkman/candidates/java/21.0.8-tem/lib/libnet.so
7f479b594000-7f479b595000 rw-p 0000c000 00:23 201470                     /home/norbs/.sdkman/candidates/java/21.0.8-tem/lib/libnet.so
7f479b595000-7f479b5dc000 rw-p 00000000 00:00 0 
7f479b5dc000-7f479b5e2000 ---p 00000000 00:00 0 
7f479b5e2000-7f479b5ea000 rw-s 00000000 00:34 2132                       /tmp/hsperfdata_norbs/29428
7f479b5ea000-7f479b60a000 r-xp 00000000 00:23 201456                     /home/norbs/.sdkman/candidates/java/21.0.8-tem/lib/libjava.so
7f479b60a000-7f479b60b000 ---p 00020000 00:23 201456                     /home/norbs/.sdkman/candidates/java/21.0.8-tem/lib/libjava.so
7f479b60b000-7f479b60c000 r--p 00020000 00:23 201456                     /home/norbs/.sdkman/candidates/java/21.0.8-tem/lib/libjava.so
7f479b60c000-7f479b60d000 rw-p 00021000 00:23 201456                     /home/norbs/.sdkman/candidates/java/21.0.8-tem/lib/libjava.so
7f479b60d000-7f479b60e000 rw-p 00000000 00:00 0 
7f479b60e000-7f479b629000 r-xp 00000000 00:23 201430                     /home/norbs/.sdkman/candidates/java/21.0.8-tem/lib/libjimage.so
7f479b629000-7f479b62a000 ---p 0001b000 00:23 201430                     /home/norbs/.sdkman/candidates/java/21.0.8-tem/lib/libjimage.so
7f479b62a000-7f479b62c000 r--p 0001b000 00:23 201430                     /home/norbs/.sdkman/candidates/java/21.0.8-tem/lib/libjimage.so
7f479b62c000-7f479b62d000 rw-p 0001d000 00:23 201430                     /home/norbs/.sdkman/candidates/java/21.0.8-tem/lib/libjimage.so
7f479b62d000-7f479b62e000 r-xp 00000000 00:23 37033                      /usr/lib64/librt.so.1
7f479b62e000-7f479b62f000 r--p 00001000 00:23 37033                      /usr/lib64/librt.so.1
7f479b62f000-7f479b630000 r--p 00001000 00:23 37033                      /usr/lib64/librt.so.1
7f479b630000-7f479b633000 rw-p 00000000 00:00 0 
7f479b633000-7f479b7a7000 r-xp 00000000 00:23 36194                      /usr/lib64/libc.so.6
7f479b7a7000-7f479b820000 r--p 00174000 00:23 36194                      /usr/lib64/libc.so.6
7f479b820000-7f479b824000 r--p 001ed000 00:23 36194                      /usr/lib64/libc.so.6
7f479b824000-7f479b826000 rw-p 001f1000 00:23 36194                      /usr/lib64/libc.so.6
7f479b826000-7f479b82e000 rw-p 00000000 00:00 0 
7f479b82e000-7f479b82f000 r-xp 00000000 00:23 36274                      /usr/lib64/libdl.so.2
7f479b82f000-7f479b830000 r--p 00001000 00:23 36274                      /usr/lib64/libdl.so.2
7f479b830000-7f479b831000 r--p 00001000 00:23 36274                      /usr/lib64/libdl.so.2
7f479b831000-7f479b832000 rw-p 00000000 00:00 0 
7f479b832000-7f479b833000 r-xp 00000000 00:23 36972                      /usr/lib64/libpthread.so.0
7f479b833000-7f479b834000 r--p 00001000 00:23 36972                      /usr/lib64/libpthread.so.0
7f479b834000-7f479b835000 r--p 00001000 00:23 36972                      /usr/lib64/libpthread.so.0
7f479b835000-7f479b836000 rw-p 00000000 00:00 0 
7f479b836000-7f479b837000 r-xp 00000000 00:23 201447                     /home/norbs/.sdkman/candidates/java/21.0.8-tem/lib/librmi.so
7f479b837000-7f479b838000 r--p 00000000 00:23 201447                     /home/norbs/.sdkman/candidates/java/21.0.8-tem/lib/librmi.so
7f479b838000-7f479b839000 rw-p 00001000 00:23 201447                     /home/norbs/.sdkman/candidates/java/21.0.8-tem/lib/librmi.so
7f479b839000-7f479b843000 r-xp 00000000 00:23 201418                     /home/norbs/.sdkman/candidates/java/21.0.8-tem/lib/libinstrument.so
7f479b843000-7f479b844000 ---p 0000a000 00:23 201418                     /home/norbs/.sdkman/candidates/java/21.0.8-tem/lib/libinstrument.so
7f479b844000-7f479b845000 r--p 0000a000 00:23 201418                     /home/norbs/.sdkman/candidates/java/21.0.8-tem/lib/libinstrument.so
7f479b845000-7f479b846000 rw-p 0000b000 00:23 201418                     /home/norbs/.sdkman/candidates/java/21.0.8-tem/lib/libinstrument.so
7f479b846000-7f479b847000 ---p 00000000 00:00 0 
7f479b847000-7f479b848000 r--p 00000000 00:00 0 
7f479b848000-7f479b849000 ---p 00000000 00:00 0 
7f479b849000-7f479b862000 r-xp 00000000 00:23 201457                     /home/norbs/.sdkman/candidates/java/21.0.8-tem/lib/libjli.so
7f479b862000-7f479b863000 r--p 00018000 00:23 201457                     /home/norbs/.sdkman/candidates/java/21.0.8-tem/lib/libjli.so
7f479b863000-7f479b864000 rw-p 00019000 00:23 201457                     /home/norbs/.sdkman/candidates/java/21.0.8-tem/lib/libjli.so
7f479b864000-7f479b866000 rw-p 00000000 00:00 0 
7f479b866000-7f479b86a000 r--p 00000000 00:00 0                          [vvar]
7f479b86a000-7f479b86c000 r--p 00000000 00:00 0                          [vvar_vclock]
7f479b86c000-7f479b86e000 r-xp 00000000 00:00 0                          [vdso]
7f479b86e000-7f479b899000 r-xp 00000000 00:23 35799                      /usr/lib64/ld-linux-x86-64.so.2
7f479b899000-7f479b8a5000 r--p 0002b000 00:23 35799                      /usr/lib64/ld-linux-x86-64.so.2
7f479b8a5000-7f479b8a7000 r--p 00037000 00:23 35799                      /usr/lib64/ld-linux-x86-64.so.2
7f479b8a7000-7f479b8a8000 rw-p 00039000 00:23 35799                      /usr/lib64/ld-linux-x86-64.so.2
7f479b8a8000-7f479b8a9000 rw-p 00000000 00:00 0 
7fff3fe00000-7fff3fe22000 rw-p 00000000 00:00 0                          [stack]
ffffffffff600000-ffffffffff601000 --xp 00000000 00:00 0                  [vsyscall]
Total number of mappings: 637

JVMTI agents:
/home/norbs/.gradle/wrapper/dists/gradle-9.3.1-all/9ot9r568e8zfvvd4mn8rbu1j0/gradle-9.3.1/lib/agents/gradle-instrumentation-agent-9.3.1.jar path:none, loaded, initialized, instrumentlib options:none


VM Arguments:
jvm_args: --add-opens=java.base/java.lang=ALL-UNNAMED --add-opens=java.base/java.lang.invoke=ALL-UNNAMED --add-opens=java.base/java.util=ALL-UNNAMED --add-opens=java.prefs/java.util.prefs=ALL-UNNAMED --add-exports=jdk.compiler/com.sun.tools.javac.api=ALL-UNNAMED --add-exports=jdk.compiler/com.sun.tools.javac.util=ALL-UNNAMED --add-opens=java.base/java.util=ALL-UNNAMED --add-opens=java.prefs/java.util.prefs=ALL-UNNAMED --add-opens=java.base/java.nio.charset=ALL-UNNAMED --add-opens=java.base/java.net=ALL-UNNAMED --add-opens=java.base/java.util.concurrent=ALL-UNNAMED --add-opens=java.base/java.util.concurrent.atomic=ALL-UNNAMED --add-opens=java.xml/javax.xml.namespace=ALL-UNNAMED --add-opens=java.base/java.time=ALL-UNNAMED -XX:MaxMetaspaceSize=4G -XX:ReservedCodeCacheSize=512m -XX:+HeapDumpOnOutOfMemoryError -Xmx8G -Dfile.encoding=UTF-8 -Duser.country=US -Duser.language=en -Duser.variant -javaagent:/home/norbs/.gradle/wrapper/dists/gradle-9.3.1-all/9ot9r568e8zfvvd4mn8rbu1j0/gradle-9.3.1/lib/agents/gradle-instrumentation-agent-9.3.1.jar 
java_command: org.gradle.launcher.daemon.bootstrap.GradleDaemon 9.3.1
java_class_path (initial): /home/norbs/.gradle/wrapper/dists/gradle-9.3.1-all/9ot9r568e8zfvvd4mn8rbu1j0/gradle-9.3.1/lib/gradle-daemon-main-9.3.1.jar
Launcher Type: SUN_STANDARD

[Global flags]
     intx CICompilerCount                          = 4                                         {product} {ergonomic}
     uint ConcGCThreads                            = 2                                         {product} {ergonomic}
     uint G1ConcRefinementThreads                  = 8                                         {product} {ergonomic}
   size_t G1HeapRegionSize                         = 4194304                                   {product} {ergonomic}
    uintx GCDrainStackTargetSize                   = 64                                        {product} {ergonomic}
     bool HeapDumpOnOutOfMemoryError               = true                                   {manageable} {command line}
   size_t InitialHeapSize                          = 260046848                                 {product} {ergonomic}
   size_t MarkStackSize                            = 4194304                                   {product} {ergonomic}
   size_t MaxHeapSize                              = 8589934592                                {product} {command line}
   size_t MaxMetaspaceSize                         = 4294967296                                {product} {command line}
   size_t MaxNewSize                               = 5150605312                                {product} {ergonomic}
   size_t MinHeapDeltaBytes                        = 4194304                                   {product} {ergonomic}
   size_t MinHeapSize                              = 8388608                                   {product} {ergonomic}
    uintx NonNMethodCodeHeapSize                   = 5839372                                {pd product} {ergonomic}
    uintx NonProfiledCodeHeapSize                  = 265515770                              {pd product} {ergonomic}
    uintx ProfiledCodeHeapSize                     = 265515770                              {pd product} {ergonomic}
    uintx ReservedCodeCacheSize                    = 536870912                              {pd product} {command line}
     bool SegmentedCodeCache                       = true                                      {product} {ergonomic}
   size_t SoftMaxHeapSize                          = 8589934592                             {manageable} {ergonomic}
     bool UseCompressedOops                        = true                           {product lp64_product} {ergonomic}
     bool UseG1GC                                  = true                                      {product} {ergonomic}

Logging:
Log output configuration:
 #0: stdout all=warning uptime,level,tags foldmultilines=false
 #1: stderr all=off uptime,level,tags foldmultilines=false

Environment Variables:
JAVA_HOME=/home/norbs/.sdkman/candidates/java/current
PATH=/home/norbs/.sdkman/candidates/java/current/bin:/snap/flutter/current/usr/bin:/snap/flutter/current/bin:/home/norbs/snap/flutter/common/flutter/bin:/home/norbs/Android/Sdk/cmdline-tools/latest/bin:/home/norbs/Android/Sdk/platform-tools:/home/norbs/Android/Sdk/emulator:/home/norbs/snap/flutter/common/flutter/bin/:/home/norbs/.config/Code/User/globalStorage/github.copilot-chat/debugCommand:/home/norbs/.config/Code/User/globalStorage/github.copilot-chat/copilotCli:/home/norbs/Android/Sdk/cmdline-tools/latest/bin:/home/norbs/Android/Sdk/platform-tools:/home/norbs/Android/Sdk/emulator:/home/norbs/.sdkman/candidates/java/current/bin:/home/norbs/Android/Sdk/cmdline-tools/latest/bin:/home/norbs/Android/Sdk/platform-tools:/home/norbs/Android/Sdk/emulator:/home/norbs/.local/bin:/home/norbs/bin:/usr/local/bin:/usr/bin:/var/lib/snapd/snap/bin
USERNAME=norbs
SHELL=/bin/bash
DISPLAY=:0
LANG=en_US.UTF-8
TERM=xterm-256color

Active Locale:
LC_ALL=en_US.UTF-8
LC_COLLATE=en_US.UTF-8
LC_CTYPE=en_US.UTF-8
LC_MESSAGES=en_US.UTF-8
LC_MONETARY=en_US.UTF-8
LC_NUMERIC=en_US.UTF-8
LC_TIME=en_US.UTF-8

Signal Handlers:
   SIGSEGV: crash_handler in libjvm.so, mask=11100100010111111101111111111110, flags=SA_RESTART|SA_SIGINFO, unblocked
    SIGBUS: crash_handler in libjvm.so, mask=11100100010111111101111111111110, flags=SA_RESTART|SA_SIGINFO, unblocked
    SIGFPE: crash_handler in libjvm.so, mask=11100100010111111101111111111110, flags=SA_RESTART|SA_SIGINFO, unblocked
   SIGPIPE: javaSignalHandler in libjvm.so, mask=11100100010111111101111111111110, flags=SA_RESTART|SA_SIGINFO, blocked
   SIGXFSZ: javaSignalHandler in libjvm.so, mask=11100100010111111101111111111110, flags=SA_RESTART|SA_SIGINFO, blocked
    SIGILL: crash_handler in libjvm.so, mask=11100100010111111101111111111110, flags=SA_RESTART|SA_SIGINFO, unblocked
   SIGUSR2: SR_handler in libjvm.so, mask=00000000000000000000000000000000, flags=SA_RESTART|SA_SIGINFO, blocked
    SIGHUP: UserHandler in libjvm.so, mask=11100100010111111101111111111110, flags=SA_RESTART|SA_SIGINFO, blocked
    SIGINT: UserHandler in libjvm.so, mask=11100100010111111101111111111110, flags=SA_RESTART|SA_SIGINFO, blocked
   SIGTERM: UserHandler in libjvm.so, mask=11100100010111111101111111111110, flags=SA_RESTART|SA_SIGINFO, blocked
   SIGQUIT: UserHandler in libjvm.so, mask=11100100010111111101111111111110, flags=SA_RESTART|SA_SIGINFO, blocked
   SIGTRAP: crash_handler in libjvm.so, mask=11100100010111111101111111111110, flags=SA_RESTART|SA_SIGINFO, unblocked


Periodic native trim disabled

---------------  S Y S T E M  ---------------

OS:
Fedora release 44 (Forty Four)
uname: Linux 6.19.10-300.fc44.x86_64 #1 SMP PREEMPT_DYNAMIC Wed Mar 25 18:23:49 UTC 2026 x86_64
OS uptime: 0 days 1:03 hours
libc: glibc 2.43 NPTL 2.43 
rlimit (soft/hard): STACK 8192k/infinity , CORE infinity/infinity , NPROC 62341/62341 , NOFILE 524288/524288 , AS infinity/infinity , CPU infinity/infinity , DATA infinity/infinity , FSIZE infinity/infinity , MEMLOCK 8192k/8192k
load average: 15.47 6.25 3.07

/proc/meminfo:
MemTotal:       16127196 kB
MemFree:          204068 kB
MemAvailable:    1839300 kB
Buffers:             576 kB
Cached:          2922356 kB
SwapCached:        18436 kB
Active:          3527116 kB
Inactive:        9520344 kB
Active(anon):    3026252 kB
Inactive(anon):  8185052 kB
Active(file):     500864 kB
Inactive(file):  1335292 kB
Unevictable:       57112 kB
Mlocked:              32 kB
SwapTotal:       8388604 kB
SwapFree:        3335892 kB
Zswap:                 0 kB
Zswapped:              0 kB
Dirty:              3784 kB
Writeback:             4 kB
AnonPages:      10164904 kB
Mapped:          1046288 kB
Shmem:           1151764 kB
KReclaimable:     241584 kB
Slab:             561092 kB
SReclaimable:     241584 kB
SUnreclaim:       319508 kB
KernelStack:       39248 kB
PageTables:       120336 kB
SecPageTables:      3116 kB
NFS_Unstable:          0 kB
Bounce:                0 kB
WritebackTmp:          0 kB
CommitLimit:    16452200 kB
Committed_AS:   40805156 kB
VmallocTotal:   34359738367 kB
VmallocUsed:      170736 kB
VmallocChunk:          0 kB
Percpu:             8544 kB
HardwareCorrupted:     0 kB
AnonHugePages:         0 kB
ShmemHugePages:   401408 kB
ShmemPmdMapped:        0 kB
FileHugePages:         0 kB
FilePmdMapped:         0 kB
CmaTotal:              0 kB
CmaFree:               0 kB
Unaccepted:            0 kB
Balloon:               0 kB
HugePages_Total:       0
HugePages_Free:        0
HugePages_Rsvd:        0
HugePages_Surp:        0
Hugepagesize:       2048 kB
Hugetlb:               0 kB
DirectMap4k:      401344 kB
DirectMap2M:     7749632 kB
DirectMap1G:     8388608 kB

/sys/kernel/mm/transparent_hugepage/enabled: always [madvise] never
/sys/kernel/mm/transparent_hugepage/hpage_pmd_size: 2097152
/sys/kernel/mm/transparent_hugepage/defrag (defrag/compaction efforts parameter): always defer defer+madvise [madvise] never

Process Memory:
Virtual Size: 15171472K (peak: 15171472K)
Resident Set Size: 1783688K (peak: 1783688K) (anon: 1758484K, file: 25172K, shmem: 32K)
Swapped out: 5348K
C-Heap outstanding allocations: 280401K, retained: 53194K
glibc malloc tunables: (default)

/proc/sys/kernel/threads-max (system-wide limit on the number of threads): 124682
/proc/sys/vm/max_map_count (maximum number of memory map areas a process may have): 1048576
/proc/sys/vm/swappiness (control to define how aggressively the kernel swaps out anonymous memory): 60
/proc/sys/kernel/pid_max (system-wide limit on number of process identifiers): 4194304

container (cgroup) information:
container_type: cgroupv2
cpu_cpuset_cpus: not supported
cpu_memory_nodes: not supported
active_processor_count: 8
cpu_quota: no quota
cpu_period: 100000
cpu_shares: 8192
memory_limit_in_bytes: unlimited
memory_and_swap_limit_in_bytes: unlimited
memory_soft_limit_in_bytes: 0
memory_usage_in_bytes: 6085856 k
memory_max_usage_in_bytes: not supported
memory_swap_current_in_bytes: 2539784 k
memory_swap_max_limit_in_bytes: unlimited
maximum number of tasks: 18702
current number of tasks: 670

Steal ticks since vm start: 0
Steal ticks percentage since vm start:  0.000

CPU: total 8 (initial active 8) (4 cores per cpu, 2 threads per core) family 6 model 140 stepping 2 microcode 0x3e, cx8, cmov, fxsr, ht, mmx, 3dnowpref, sse, sse2, sse3, ssse3, sse4.1, sse4.2, popcnt, lzcnt, tsc, tscinvbit, avx, avx2, aes, erms, clmul, bmi1, bmi2, adx, avx512f, avx512dq, avx512cd, avx512bw, avx512vl, sha, fma, vzeroupper, avx512_vpopcntdq, avx512_vpclmulqdq, avx512_vaes, avx512_vnni, clflush, clflushopt, clwb, avx512_vbmi2, avx512_vbmi, rdtscp, rdpid, fsrm, gfni, avx512_bitalg, f16c, pku, ospke, cet_ibt, cet_ss, avx512_ifma
CPU Model and flags from /proc/cpuinfo:
model name	: 11th Gen Intel(R) Core(TM) i7-1195G7 @ 2.90GHz
flags		: fpu vme de pse tsc msr pae mce cx8 apic sep mtrr pge mca cmov pat pse36 clflush dts acpi mmx fxsr sse sse2 ss ht tm pbe syscall nx pdpe1gb rdtscp lm constant_tsc art arch_perfmon pebs bts rep_good nopl xtopology nonstop_tsc cpuid aperfmperf tsc_known_freq pni pclmulqdq dtes64 monitor ds_cpl vmx est tm2 ssse3 sdbg fma cx16 xtpr pdcm pcid sse4_1 sse4_2 x2apic movbe popcnt tsc_deadline_timer aes xsave avx f16c rdrand lahf_lm abm 3dnowprefetch cpuid_fault epb cat_l2 cdp_l2 ssbd ibrs ibpb stibp ibrs_enhanced tpr_shadow flexpriority ept vpid ept_ad fsgsbase tsc_adjust bmi1 avx2 smep bmi2 erms invpcid rdt_a avx512f avx512dq rdseed adx smap avx512ifma clflushopt clwb intel_pt avx512cd sha_ni avx512bw avx512vl xsaveopt xsavec xgetbv1 xsaves split_lock_detect user_shstk dtherm ida arat pln pts hwp hwp_notify hwp_act_window hwp_epp hwp_pkg_req vnmi avx512vbmi umip pku ospke avx512_vbmi2 gfni vaes vpclmulqdq avx512_vnni avx512_bitalg avx512_vpopcntdq rdpid movdiri movdir64b fsrm avx512_vp2intersect md_clear ibt flush_l1d arch_capabilities

Online cpus: 0-7
Offline cpus: 
BIOS frequency limitation: <Not Available>
Frequency switch latency (ns): 0
Available cpu frequencies: <Not Available>
Current governor: powersave
Core performance/turbo boost: <Not Available>

Memory: 4k page, physical 16127196k(1839560k free), swap 8388604k(3335540k free)
Page Sizes: 4k

vm_info: OpenJDK 64-Bit Server VM (21.0.8+9-LTS) for linux-amd64 JRE (21.0.8+9-LTS), built on 2025-07-15T00:00:00Z by "admin" with gcc 11.3.0

END.
